Point ID;Easting;Northing;Elevation;H. Precision;V. Precision;PDOP;Sats;Date;Time
nor2-2000;245659.86;5182497.083;90.227;0.017;0.03;1.446;17;2023-07-25;15:14:57
nor2-2001;245659.863;5182497.083;90.235;0.017;0.031;1.446;17;2023-07-25;15:14:58
nor2-2002;245659.858;5182497.077;90.229;0.016;0.03;1.446;17;2023-07-25;15:14:59
nor2-2003;245659.858;5182497.08;90.23;0.016;0.03;1.445;17;2023-07-25;15:15:00
nor2-2004;245659.86;5182497.081;90.226;0.016;0.03;1.445;17;2023-07-25;15:15:01
nor2-2005;245659.859;5182497.079;90.222;0.016;0.03;1.445;17;2023-07-25;15:15:02
nor2-2006;245659.861;5182497.076;90.215;0.016;0.03;1.445;17;2023-07-25;15:15:03
nor2-2007;245659.858;5182497.076;90.215;0.016;0.03;1.445;17;2023-07-25;15:15:04
nor2-2008;245659.861;5182497.08;90.227;0.016;0.03;1.445;17;2023-07-25;15:15:05
nor2-2009;245659.862;5182497.082;90.22;0.016;0.03;1.445;17;2023-07-25;15:15:06
nor2-2010;245659.861;5182497.079;90.219;0.016;0.03;1.445;17;2023-07-25;15:15:07
nor2-2011;245659.859;5182497.075;90.219;0.016;0.03;1.445;17;2023-07-25;15:15:08
nor2-2012;245659.858;5182497.079;90.214;0.016;0.03;1.445;17;2023-07-25;15:15:09
nor2-2013;245659.86;5182497.083;90.221;0.016;0.03;1.444;17;2023-07-25;15:15:10
nor2-2014;245659.856;5182497.085;90.222;0.016;0.03;1.444;17;2023-07-25;15:15:11
nor2-2015;245659.861;5182497.083;90.219;0.016;0.03;1.444;17;2023-07-25;15:15:12
nor2-2016;245659.861;5182497.078;90.224;0.017;0.031;1.444;17;2023-07-25;15:15:13
nor2-2017;245659.859;5182497.079;90.216;0.016;0.03;1.444;17;2023-07-25;15:15:14
nor2-2018;245659.86;5182497.082;90.224;0.016;0.03;1.444;17;2023-07-25;15:15:15
nor2-2019;245659.862;5182497.08;90.224;0.016;0.03;1.444;17;2023-07-25;15:15:16
nor2-2020;245659.862;5182497.083;90.216;0.016;0.03;1.444;17;2023-07-25;15:15:17
nor2-2021;245659.859;5182497.082;90.222;0.016;0.03;1.444;17;2023-07-25;15:15:18
nor2-2022;245659.863;5182497.082;90.223;0.016;0.03;1.444;17;2023-07-25;15:15:19
nor2-2023;245659.855;5182497.078;90.225;0.016;0.03;1.444;17;2023-07-25;15:15:20
nor2-2024;245659.857;5182497.075;90.218;0.016;0.03;1.444;17;2023-07-25;15:15:21
nor2-2025;245659.858;5182497.083;90.228;0.016;0.03;1.443;17;2023-07-25;15:15:22
nor2-2026;245659.86;5182497.08;90.227;0.016;0.03;1.443;17;2023-07-25;15:15:23
nor2-2027;245659.861;5182497.078;90.232;0.016;0.03;1.443;17;2023-07-25;15:15:24
nor2-2028;245659.857;5182497.079;90.235;0.016;0.03;1.443;17;2023-07-25;15:15:25
nor2-2029;245659.855;5182497.074;90.226;0.016;0.03;1.443;17;2023-07-25;15:15:26
nor2-2030;245659.858;5182497.079;90.225;0.016;0.03;1.443;17;2023-07-25;15:15:27
nor2-2031;245659.859;5182497.076;90.228;0.016;0.03;1.443;17;2023-07-25;15:15:28
nor2-2032;245659.854;5182497.078;90.219;0.016;0.03;1.443;17;2023-07-25;15:15:29
nor2-2033;245659.853;5182497.078;90.218;0.016;0.03;1.443;17;2023-07-25;15:15:30
nor2-2034;245659.855;5182497.076;90.222;0.016;0.03;1.443;17;2023-07-25;15:15:31
nor2-2035;245659.855;5182497.074;90.216;0.016;0.03;1.442;17;2023-07-25;15:15:32
nor2-2036;245659.857;5182497.073;90.225;0.016;0.03;1.442;17;2023-07-25;15:15:33
nor2-2037;245659.859;5182497.076;90.228;0.016;0.03;1.442;17;2023-07-25;15:15:34
nor2-2038;245659.855;5182497.079;90.224;0.016;0.03;1.442;17;2023-07-25;15:15:35
nor2-2039;245659.859;5182497.076;90.224;0.016;0.03;1.442;17;2023-07-25;15:15:36
nor2-2040;245659.878;5182497.074;90.222;0.016;0.03;1.442;17;2023-07-25;15:15:37
nor2-2041;245659.871;5182497.069;90.215;0.016;0.03;1.442;17;2023-07-25;15:15:38
nor2-2042;245659.864;5182497.076;90.218;0.016;0.03;1.442;17;2023-07-25;15:15:39
nor2-2043;245659.871;5182497.077;90.228;0.016;0.03;1.442;17;2023-07-25;15:15:40
nor2-2044;245659.872;5182497.081;90.22;0.016;0.03;1.442;17;2023-07-25;15:15:41
nor2-2045;245659.871;5182497.076;90.224;0.016;0.029;1.441;18;2023-07-25;15:15:42
nor2-2046;245659.872;5182497.076;90.232;0.016;0.029;1.441;18;2023-07-25;15:15:43
nor2-2047;245659.871;5182497.075;90.224;0.016;0.029;1.294;18;2023-07-25;15:15:44
nor2-2048;245659.872;5182497.079;90.226;0.016;0.029;1.294;18;2023-07-25;15:15:45
nor2-2049;245659.872;5182497.079;90.219;0.016;0.029;1.293;18;2023-07-25;15:15:46
nor2-2050;245659.871;5182497.081;90.223;0.016;0.029;1.293;18;2023-07-25;15:15:47
nor2-2051;245659.873;5182497.081;90.236;0.016;0.029;1.293;18;2023-07-25;15:15:48
nor2-2052;245659.872;5182497.076;90.228;0.016;0.029;1.293;18;2023-07-25;15:15:49
nor2-2053;245659.871;5182497.077;90.223;0.016;0.029;1.293;18;2023-07-25;15:15:50
nor2-2054;245659.869;5182497.074;90.212;0.016;0.029;1.293;17;2023-07-25;15:15:51
nor2-2055;245660.296;5182496.458;90.232;0.016;0.03;1.44;17;2023-07-25;15:15:52
nor2-2056;245660.959;5182495.622;90.23;0.016;0.03;1.44;17;2023-07-25;15:15:53
nor2-2057;245661.595;5182494.845;90.236;0.016;0.03;1.44;17;2023-07-25;15:15:54
nor2-2058;245662.129;5182494.067;90.209;0.017;0.03;1.44;17;2023-07-25;15:15:55
nor2-2059;245662.66;5182493.284;90.252;0.017;0.03;1.44;17;2023-07-25;15:15:56
nor2-2060;245663.259;5182492.351;90.267;0.021;0.039;1.44;16;2023-07-25;15:15:57
nor2-2061;245663.863;5182491.372;90.292;0.019;0.034;1.536;17;2023-07-25;15:15:58
nor2-2062;245664.425;5182490.331;90.247;0.017;0.031;1.536;17;2023-07-25;15:15:59
nor2-2063;245665.01;5182489.273;90.258;0.018;0.032;1.44;17;2023-07-25;15:16:00
nor2-2064;245665.574;5182488.262;90.277;0.017;0.03;1.44;17;2023-07-25;15:16:01
nor2-2065;245666.145;5182487.246;90.276;0.019;0.037;1.44;17;2023-07-25;15:16:02
nor2-2066;245666.812;5182486.249;90.311;0.02;0.038;1.44;17;2023-07-25;15:16:03
nor2-2067;245667.469;5182485.238;90.317;0.021;0.038;1.439;16;2023-07-25;15:16:04
nor2-2068;245668.181;5182484.169;90.331;0.023;0.041;1.726;15;2023-07-25;15:16:05
nor2-2069;245668.859;5182483.118;90.338;0.02;0.038;1.726;15;2023-07-25;15:16:06
nor2-2070;245669.583;5182482.134;90.338;0.022;0.042;1.726;14;2023-07-25;15:16:07
nor2-2071;245670.334;5182481.16;90.344;0.021;0.04;1.725;14;2023-07-25;15:16:08
nor2-2072;245670.95;5182480.186;90.335;0.024;0.044;1.725;14;2023-07-25;15:16:09
nor2-2073;245671.507;5182479.208;90.322;0.026;0.047;1.699;14;2023-07-25;15:16:10
nor2-2074;245672.087;5182478.262;90.284;0.029;0.056;1.699;14;2023-07-25;15:16:11
nor2-2075;245672.746;5182477.4;90.322;0.026;0.044;1.58;15;2023-07-25;15:16:12
nor2-2076;245673.403;5182476.488;90.255;0.025;0.044;1.58;16;2023-07-25;15:16:13
nor2-2077;245674.133;5182475.616;90.269;0.025;0.047;1.535;16;2023-07-25;15:16:14
nor2-2078;245674.858;5182474.741;90.265;0.023;0.042;1.535;16;2023-07-25;15:16:15
nor2-2079;245675.495;5182473.914;90.275;0.021;0.038;1.535;15;2023-07-25;15:16:16
nor2-2080;245676.147;5182473.053;90.272;0.024;0.046;1.535;14;2023-07-25;15:16:17
nor2-2081;245676.86;5182472.169;90.296;0.024;0.045;1.698;15;2023-07-25;15:16:18
nor2-2082;245677.531;5182471.289;90.272;0.022;0.042;1.698;15;2023-07-25;15:16:19
nor2-2083;245678.161;5182470.48;90.282;0.021;0.039;1.698;17;2023-07-25;15:16:20
nor2-2084;245678.776;5182469.65;90.272;0.02;0.037;1.698;16;2023-07-25;15:16:21
nor2-2085;245679.423;5182468.771;90.279;0.02;0.038;1.578;16;2023-07-25;15:16:22
nor2-2086;245680.008;5182467.926;90.263;0.02;0.039;1.682;15;2023-07-25;15:16:23
nor2-2087;245680.541;5182467.148;90.259;0.019;0.037;1.438;15;2023-07-25;15:16:24
nor2-2088;245681.127;5182466.285;90.25;0.018;0.034;1.438;15;2023-07-25;15:16:25
nor2-2089;245681.688;5182465.448;90.273;0.018;0.033;1.697;16;2023-07-25;15:16:26
nor2-2090;245682.361;5182464.567;90.24;0.018;0.033;1.697;15;2023-07-25;15:16:27
nor2-2091;245683.085;5182463.599;90.265;0.02;0.037;1.697;15;2023-07-25;15:16:28
nor2-2092;245683.798;5182462.678;90.237;0.018;0.035;1.697;15;2023-07-25;15:16:29
nor2-2093;245684.512;5182461.773;90.265;0.016;0.029;1.697;16;2023-07-25;15:16:30
nor2-2094;245685.191;5182460.893;90.27;0.018;0.033;1.697;17;2023-07-25;15:16:31
nor2-2095;245685.81;5182460.008;90.286;0.018;0.033;1.534;17;2023-07-25;15:16:32
nor2-2096;245686.354;5182459.186;90.327;0.017;0.031;1.534;17;2023-07-25;15:16:33
nor2-2097;245686.963;5182458.279;90.315;0.016;0.028;1.534;16;2023-07-25;15:16:34
nor2-2098;245687.548;5182457.338;90.335;0.015;0.027;1.534;17;2023-07-25;15:16:35
nor2-2099;245688.142;5182456.33;90.336;0.017;0.03;1.436;17;2023-07-25;15:16:36
nor2-2100;245688.712;5182455.375;90.306;0.016;0.029;1.533;16;2023-07-25;15:16:37
nor2-2101;245689.443;5182454.314;90.324;0.016;0.028;1.436;16;2023-07-25;15:16:38
nor2-2102;245690.25;5182453.163;90.304;0.016;0.028;1.436;16;2023-07-25;15:16:39
nor2-2103;245690.98;5182452.224;90.298;0.015;0.026;1.533;17;2023-07-25;15:16:40
nor2-2104;245691.82;5182451.24;90.323;0.015;0.026;1.533;16;2023-07-25;15:16:41
nor2-2105;245692.677;5182450.217;90.306;0.015;0.026;1.533;16;2023-07-25;15:16:42
nor2-2106;245693.507;5182449.275;90.355;0.016;0.027;1.533;16;2023-07-25;15:16:43
nor2-2107;245694.321;5182448.278;90.346;0.016;0.028;1.533;16;2023-07-25;15:16:44
nor2-2108;245694.982;5182447.358;90.365;0.016;0.027;1.533;16;2023-07-25;15:16:45
nor2-2109;245695.706;5182446.456;90.414;0.015;0.027;1.533;16;2023-07-25;15:16:46
nor2-2110;245696.5;5182445.438;90.387;0.014;0.025;1.533;16;2023-07-25;15:16:47
nor2-2111;245697.213;5182444.476;90.372;0.016;0.027;1.533;16;2023-07-25;15:16:48
nor2-2112;245697.939;5182443.558;90.397;0.017;0.028;1.533;16;2023-07-25;15:16:49
nor2-2113;245698.665;5182442.595;90.411;0.027;0.047;1.533;16;2023-07-25;15:16:50
nor2-2114;245699.406;5182441.614;90.435;0.015;0.025;1.533;17;2023-07-25;15:16:51
nor2-2115;245700.191;5182440.537;90.403;0.015;0.025;1.435;17;2023-07-25;15:16:52
nor2-2116;245700.979;5182439.466;90.41;0.016;0.026;1.435;17;2023-07-25;15:16:53
nor2-2117;245701.636;5182438.597;90.427;0.015;0.025;1.435;16;2023-07-25;15:16:54
nor2-2118;245702.309;5182437.655;90.398;0.016;0.027;1.435;16;2023-07-25;15:16:55
nor2-2119;245702.977;5182436.698;90.429;0.019;0.031;1.532;16;2023-07-25;15:16:56
nor2-2120;245703.782;5182435.722;90.408;0.019;0.031;1.532;16;2023-07-25;15:16:57
nor2-2121;245704.606;5182434.799;90.383;0.019;0.032;1.532;16;2023-07-25;15:16:58
nor2-2122;245705.5;5182433.789;90.389;0.018;0.031;1.532;17;2023-07-25;15:16:59
nor2-2123;245706.408;5182432.818;90.377;0.018;0.029;1.434;16;2023-07-25;15:17:00
nor2-2124;245707.269;5182431.91;90.418;0.019;0.032;1.434;17;2023-07-25;15:17:01
nor2-2125;245708.028;5182431.029;90.398;0.018;0.031;1.434;17;2023-07-25;15:17:02
nor2-2126;245708.748;5182430.077;90.386;0.016;0.028;1.434;17;2023-07-25;15:17:03
nor2-2127;245709.498;5182429.004;90.367;0.016;0.027;1.434;16;2023-07-25;15:17:04
nor2-2128;245710.299;5182427.969;90.378;0.016;0.027;1.434;16;2023-07-25;15:17:05
nor2-2129;245711.032;5182426.951;90.39;0.014;0.024;1.532;16;2023-07-25;15:17:06
nor2-2130;245711.8;5182425.911;90.388;0.014;0.023;1.532;16;2023-07-25;15:17:07
nor2-2131;245712.547;5182424.921;90.387;0.015;0.024;1.531;16;2023-07-25;15:17:08
nor2-2132;245713.342;5182423.92;90.356;0.015;0.024;1.531;16;2023-07-25;15:17:09
nor2-2133;245714.151;5182422.972;90.346;0.015;0.025;1.531;16;2023-07-25;15:17:10
nor2-2134;245714.958;5182422.026;90.359;0.014;0.023;1.531;16;2023-07-25;15:17:11
nor2-2135;245715.831;5182421.001;90.332;0.014;0.023;1.531;16;2023-07-25;15:17:12
nor2-2136;245716.681;5182420.039;90.351;0.013;0.022;1.531;16;2023-07-25;15:17:13
nor2-2137;245717.524;5182419.096;90.356;0.013;0.022;1.531;16;2023-07-25;15:17:14
nor2-2138;245718.323;5182418.179;90.37;0.014;0.023;1.531;17;2023-07-25;15:17:15
nor2-2139;245719.178;5182417.272;90.367;0.014;0.023;1.433;17;2023-07-25;15:17:16
nor2-2140;245720.047;5182416.319;90.354;0.016;0.025;1.531;16;2023-07-25;15:17:17
nor2-2141;245720.952;5182415.415;90.334;0.013;0.021;1.531;16;2023-07-25;15:17:18
nor2-2142;245721.926;5182414.545;90.331;0.013;0.021;1.531;16;2023-07-25;15:17:19
nor2-2143;245722.884;5182413.605;90.272;0.013;0.021;1.531;17;2023-07-25;15:17:20
nor2-2144;245723.816;5182412.708;90.288;0.013;0.02;1.531;17;2023-07-25;15:17:21
nor2-2145;245724.633;5182411.759;90.235;0.012;0.019;1.432;17;2023-07-25;15:17:22
nor2-2146;245725.347;5182410.814;90.26;0.013;0.02;1.432;17;2023-07-25;15:17:23
nor2-2147;245725.965;5182409.894;90.244;0.013;0.022;1.432;17;2023-07-25;15:17:24
nor2-2148;245726.487;5182408.974;90.229;0.014;0.023;1.432;17;2023-07-25;15:17:25
nor2-2149;245727.001;5182408.144;90.229;0.013;0.022;1.432;17;2023-07-25;15:17:26
nor2-2150;245727.53;5182407.334;90.258;0.013;0.022;1.432;17;2023-07-25;15:17:27
nor2-2151;245728.101;5182406.468;90.241;0.013;0.021;1.432;17;2023-07-25;15:17:28
nor2-2152;245728.743;5182405.609;90.244;0.013;0.021;1.432;17;2023-07-25;15:17:29
nor2-2153;245729.453;5182404.721;90.238;0.013;0.021;1.432;17;2023-07-25;15:17:30
nor2-2154;245730.204;5182403.901;90.263;0.014;0.023;1.432;17;2023-07-25;15:17:31
nor2-2155;245731.074;5182403.108;90.283;0.013;0.022;1.431;17;2023-07-25;15:17:32
nor2-2156;245731.998;5182402.249;90.268;0.013;0.022;1.431;17;2023-07-25;15:17:33
nor2-2157;245732.918;5182401.379;90.283;0.013;0.022;1.431;17;2023-07-25;15:17:34
nor2-2158;245733.79;5182400.509;90.288;0.014;0.023;1.431;17;2023-07-25;15:17:35
nor2-2159;245734.579;5182399.67;90.289;0.014;0.024;1.431;17;2023-07-25;15:17:36
nor2-2160;245735.325;5182398.767;90.286;0.015;0.025;1.431;16;2023-07-25;15:17:37
nor2-2161;245735.948;5182397.858;90.29;0.014;0.024;1.529;16;2023-07-25;15:17:38
nor2-2162;245736.545;5182396.928;90.299;0.014;0.023;1.529;16;2023-07-25;15:17:39
nor2-2163;245737.102;5182395.911;90.284;0.014;0.023;1.529;16;2023-07-25;15:17:40
nor2-2164;245737.574;5182395.048;90.26;0.013;0.021;1.529;16;2023-07-25;15:17:41
nor2-2165;245738.206;5182394.138;90.266;0.012;0.019;1.529;17;2023-07-25;15:17:42
nor2-2166;245739.06;5182393.156;90.254;0.013;0.02;1.529;17;2023-07-25;15:17:43
nor2-2167;245739.883;5182392.268;90.236;0.012;0.019;1.43;17;2023-07-25;15:17:44
nor2-2168;245740.674;5182391.414;90.202;0.013;0.02;1.43;17;2023-07-25;15:17:45
nor2-2169;245741.519;5182390.558;90.165;0.013;0.021;1.43;17;2023-07-25;15:17:46
nor2-2170;245742.3;5182389.813;90.167;0.012;0.02;1.43;17;2023-07-25;15:17:47
nor2-2171;245742.96;5182389.081;90.154;0.013;0.02;1.43;17;2023-07-25;15:17:48
nor2-2172;245743.551;5182388.338;90.147;0.012;0.02;1.43;17;2023-07-25;15:17:49
nor2-2173;245744.147;5182387.484;90.092;0.013;0.02;1.43;17;2023-07-25;15:17:50
nor2-2174;245744.719;5182386.527;90.069;0.012;0.019;1.43;17;2023-07-25;15:17:51
nor2-2175;245745.457;5182385.507;90.083;0.013;0.02;1.43;17;2023-07-25;15:17:52
nor2-2176;245746.205;5182384.579;90.152;0.015;0.023;1.43;17;2023-07-25;15:17:53
nor2-2177;245747.012;5182383.592;90.211;0.015;0.024;1.429;17;2023-07-25;15:17:54
nor2-2178;245747.878;5182382.538;90.23;0.018;0.029;1.429;16;2023-07-25;15:17:55
nor2-2179;245748.659;5182381.573;90.239;0.018;0.029;1.429;16;2023-07-25;15:17:56
nor2-2180;245749.413;5182380.643;90.223;0.017;0.027;1.429;16;2023-07-25;15:17:57
nor2-2181;245750.059;5182379.82;90.263;0.017;0.026;1.429;16;2023-07-25;15:17:58
nor2-2182;245750.79;5182378.982;90.292;0.018;0.029;1.429;14;2023-07-25;15:17:59
nor2-2183;245751.635;5182378.146;90.294;0.019;0.031;1.534;15;2023-07-25;15:18:00
nor2-2184;245752.566;5182377.5;90.277;0.019;0.03;1.534;15;2023-07-25;15:18:01
nor2-2185;245753.619;5182377.114;90.273;0.015;0.023;1.534;16;2023-07-25;15:18:02
nor2-2186;245754.774;5182377.011;90.295;0.014;0.022;1.534;16;2023-07-25;15:18:03
nor2-2187;245755.779;5182377.087;90.301;0.023;0.038;1.534;16;2023-07-25;15:18:04
nor2-2188;245756.768;5182377.277;90.274;0.018;0.029;1.534;16;2023-07-25;15:18:05
nor2-2189;245757.707;5182377.636;90.239;0.017;0.029;1.533;15;2023-07-25;15:18:06
nor2-2190;245758.513;5182378.224;90.244;0.016;0.026;1.533;15;2023-07-25;15:18:07
nor2-2191;245759.213;5182379.008;90.243;0.015;0.024;1.758;16;2023-07-25;15:18:08
nor2-2192;245759.73;5182379.923;90.236;0.014;0.022;1.758;16;2023-07-25;15:18:09
nor2-2193;245759.839;5182380.927;90.268;0.015;0.023;1.533;17;2023-07-25;15:18:10
nor2-2194;245759.598;5182382.019;90.24;0.014;0.022;1.533;16;2023-07-25;15:18:11
nor2-2195;245759.165;5182383.053;90.222;0.015;0.022;1.527;16;2023-07-25;15:18:12
nor2-2196;245758.715;5182383.78;90.193;0.015;0.023;1.527;16;2023-07-25;15:18:13
nor2-2197;245758.188;5182384.568;90.211;0.014;0.022;1.527;17;2023-07-25;15:18:14
nor2-2198;245757.817;5182385.349;90.191;0.016;0.022;1.527;17;2023-07-25;15:18:15
nor2-2199;245757.098;5182386.733;90.165;0.014;0.02;1.428;17;2023-07-25;15:18:16
nor2-2200;245756.439;5182387.876;90.089;0.023;0.034;1.428;17;2023-07-25;15:18:17
nor2-2201;245755.747;5182389.127;90.054;0.024;0.038;1.427;17;2023-07-25;15:18:18
nor2-2202;245755.27;5182390.182;90.013;0.021;0.033;1.427;17;2023-07-25;15:18:19
nor2-2203;245754.677;5182391.445;89.96;0.017;0.027;1.427;17;2023-07-25;15:18:20
nor2-2204;245754.184;5182392.444;89.955;0.017;0.027;1.427;17;2023-07-25;15:18:21
nor2-2205;245753.634;5182393.495;89.991;0.017;0.026;1.427;17;2023-07-25;15:18:22
nor2-2206;245753.084;5182394.476;89.991;0.017;0.027;1.427;17;2023-07-25;15:18:23
nor2-2207;245752.612;5182395.37;90.002;0.017;0.026;1.427;17;2023-07-25;15:18:24
nor2-2208;245752.065;5182396.381;89.999;0.016;0.025;1.427;17;2023-07-25;15:18:25
nor2-2209;245751.464;5182397.416;90.007;0.015;0.023;1.427;17;2023-07-25;15:18:26
nor2-2210;245750.803;5182398.618;90.065;0.015;0.023;1.427;17;2023-07-25;15:18:27
nor2-2211;245750.196;5182399.752;90.08;0.014;0.022;1.427;16;2023-07-25;15:18:28
nor2-2212;245749.559;5182400.859;90.065;0.014;0.022;1.427;16;2023-07-25;15:18:29
nor2-2213;245748.967;5182401.874;90.138;0.013;0.021;1.56;16;2023-07-25;15:18:30
nor2-2214;245748.356;5182402.9;90.202;0.013;0.021;1.56;16;2023-07-25;15:18:31
nor2-2215;245747.658;5182404.031;90.207;0.015;0.023;1.56;16;2023-07-25;15:18:32
nor2-2216;245747.025;5182405.159;90.226;0.015;0.025;1.56;16;2023-07-25;15:18:33
nor2-2217;245746.395;5182406.241;90.206;0.015;0.023;1.56;16;2023-07-25;15:18:34
nor2-2218;245745.711;5182407.369;90.21;0.014;0.022;1.56;16;2023-07-25;15:18:35
nor2-2219;245745.017;5182408.393;90.223;0.014;0.023;1.559;16;2023-07-25;15:18:36
nor2-2220;245744.211;5182409.585;90.21;0.014;0.022;1.559;16;2023-07-25;15:18:37
nor2-2221;245743.481;5182410.646;90.214;0.014;0.022;1.559;16;2023-07-25;15:18:38
nor2-2222;245742.735;5182411.675;90.227;0.014;0.024;1.559;16;2023-07-25;15:18:39
nor2-2223;245742.043;5182412.606;90.236;0.015;0.025;1.559;16;2023-07-25;15:18:40
nor2-2224;245741.356;5182413.53;90.253;0.014;0.023;1.559;16;2023-07-25;15:18:41
nor2-2225;245740.679;5182414.465;90.259;0.014;0.022;1.558;15;2023-07-25;15:18:42
nor2-2226;245740.019;5182415.372;90.277;0.012;0.02;1.558;15;2023-07-25;15:18:43
nor2-2227;245739.389;5182416.251;90.295;0.012;0.019;1.682;16;2023-07-25;15:18:44
nor2-2228;245738.8;5182417.073;90.33;0.012;0.02;1.682;15;2023-07-25;15:18:45
nor2-2229;245738.191;5182417.914;90.347;0.012;0.019;1.682;15;2023-07-25;15:18:46
nor2-2230;245737.543;5182418.774;90.36;0.012;0.019;1.682;15;2023-07-25;15:18:47
nor2-2231;245736.86;5182419.677;90.38;0.013;0.021;1.682;15;2023-07-25;15:18:48
nor2-2232;245736.225;5182420.541;90.391;0.013;0.021;1.681;15;2023-07-25;15:18:49
nor2-2233;245735.554;5182421.408;90.396;0.013;0.022;1.681;15;2023-07-25;15:18:50
nor2-2234;245734.859;5182422.247;90.403;0.013;0.022;1.681;15;2023-07-25;15:18:51
nor2-2235;245733.983;5182423.148;90.357;0.015;0.024;1.681;16;2023-07-25;15:18:52
nor2-2236;245733.318;5182423.881;90.476;0.013;0.022;1.681;16;2023-07-25;15:18:53
nor2-2237;245732.403;5182424.797;90.47;0.014;0.022;1.424;16;2023-07-25;15:18:54
nor2-2238;245731.495;5182425.654;90.462;0.013;0.021;1.424;16;2023-07-25;15:18:55
nor2-2239;245730.634;5182426.52;90.465;0.011;0.018;1.556;16;2023-07-25;15:18:56
nor2-2240;245729.764;5182427.407;90.459;0.012;0.019;1.556;16;2023-07-25;15:18:57
nor2-2241;245728.927;5182428.249;90.434;0.011;0.018;1.556;16;2023-07-25;15:18:58
nor2-2242;245728.15;5182429.058;90.435;0.011;0.018;1.556;16;2023-07-25;15:18:59
nor2-2243;245727.332;5182429.925;90.438;0.013;0.021;1.556;16;2023-07-25;15:19:00
nor2-2244;245726.569;5182430.748;90.432;0.011;0.019;1.556;17;2023-07-25;15:19:01
nor2-2245;245725.828;5182431.565;90.422;0.011;0.018;1.424;17;2023-07-25;15:19:02
nor2-2246;245725.089;5182432.41;90.422;0.011;0.018;1.424;16;2023-07-25;15:19:03
nor2-2247;245724.408;5182433.262;90.414;0.011;0.018;1.555;16;2023-07-25;15:19:04
nor2-2248;245723.663;5182434.207;90.423;0.011;0.018;1.555;16;2023-07-25;15:19:05
nor2-2249;245722.937;5182435.131;90.431;0.011;0.018;1.555;16;2023-07-25;15:19:06
nor2-2250;245722.237;5182436.008;90.439;0.011;0.018;1.555;16;2023-07-25;15:19:07
nor2-2251;245721.465;5182436.933;90.434;0.011;0.018;1.555;17;2023-07-25;15:19:08
nor2-2252;245720.681;5182437.892;90.445;0.011;0.018;1.555;17;2023-07-25;15:19:09
nor2-2253;245719.905;5182438.831;90.448;0.011;0.018;1.423;17;2023-07-25;15:19:10
nor2-2254;245719.177;5182439.737;90.472;0.012;0.019;1.423;17;2023-07-25;15:19:11
nor2-2255;245718.418;5182440.669;90.485;0.012;0.019;1.423;17;2023-07-25;15:19:12
nor2-2256;245717.687;5182441.55;90.496;0.012;0.019;1.423;17;2023-07-25;15:19:13
nor2-2257;245716.949;5182442.515;90.501;0.013;0.02;1.423;17;2023-07-25;15:19:14
nor2-2258;245716.237;5182443.445;90.508;0.012;0.019;1.423;17;2023-07-25;15:19:15
nor2-2259;245715.568;5182444.43;90.489;0.012;0.018;1.423;17;2023-07-25;15:19:16
nor2-2260;245714.925;5182445.331;90.493;0.012;0.018;1.423;17;2023-07-25;15:19:17
nor2-2261;245714.29;5182446.146;90.508;0.014;0.02;1.423;17;2023-07-25;15:19:18
nor2-2262;245713.572;5182446.978;90.503;0.014;0.02;1.423;16;2023-07-25;15:19:19
nor2-2263;245712.821;5182447.826;90.516;0.015;0.022;1.423;16;2023-07-25;15:19:20
nor2-2264;245712.07;5182448.655;90.496;0.013;0.021;1.422;17;2023-07-25;15:19:21
nor2-2265;245711.235;5182449.521;90.505;0.013;0.021;1.422;17;2023-07-25;15:19:22
nor2-2266;245710.462;5182450.356;90.481;0.013;0.021;1.422;17;2023-07-25;15:19:23
nor2-2267;245709.67;5182451.236;90.471;0.013;0.021;1.422;17;2023-07-25;15:19:24
nor2-2268;245708.927;5182452.118;90.435;0.013;0.019;1.422;17;2023-07-25;15:19:25
nor2-2269;245708.249;5182452.912;90.419;0.012;0.018;1.422;16;2023-07-25;15:19:26
nor2-2270;245707.554;5182453.727;90.392;0.012;0.018;1.422;17;2023-07-25;15:19:27
nor2-2271;245706.862;5182454.506;90.351;0.013;0.021;1.422;16;2023-07-25;15:19:28
nor2-2272;245706.132;5182455.331;90.366;0.014;0.022;1.422;17;2023-07-25;15:19:29
nor2-2273;245705.383;5182456.168;90.338;0.018;0.028;1.422;17;2023-07-25;15:19:30
nor2-2274;245704.681;5182456.941;90.324;0.018;0.027;1.422;16;2023-07-25;15:19:31
nor2-2275;245703.99;5182457.708;90.331;0.016;0.026;1.552;15;2023-07-25;15:19:32
nor2-2276;245703.322;5182458.586;90.312;0.015;0.023;1.552;16;2023-07-25;15:19:33
nor2-2277;245702.615;5182459.393;90.299;0.015;0.023;1.421;15;2023-07-25;15:19:34
nor2-2278;245701.658;5182460.438;90.286;0.018;0.028;1.421;15;2023-07-25;15:19:35
nor2-2279;245700.906;5182461.421;90.316;0.021;0.032;1.551;15;2023-07-25;15:19:36
nor2-2280;245700.217;5182462.399;90.323;0.017;0.027;1.551;15;2023-07-25;15:19:37
nor2-2281;245699.316;5182463.487;90.366;0.016;0.024;1.551;17;2023-07-25;15:19:38
nor2-2282;245698.522;5182464.502;90.366;0.013;0.021;1.551;17;2023-07-25;15:19:39
nor2-2283;245697.769;5182465.44;90.364;0.014;0.022;1.421;16;2023-07-25;15:19:40
nor2-2284;245697.003;5182466.388;90.333;0.011;0.018;1.421;16;2023-07-25;15:19:41
nor2-2285;245696.22;5182467.344;90.31;0.012;0.02;1.55;16;2023-07-25;15:19:42
nor2-2286;245695.44;5182468.288;90.294;0.013;0.021;1.55;15;2023-07-25;15:19:43
nor2-2287;245694.624;5182469.245;90.305;0.013;0.02;1.55;15;2023-07-25;15:19:44
nor2-2288;245693.812;5182470.25;90.312;0.012;0.019;1.55;14;2023-07-25;15:19:45
nor2-2289;245693.047;5182471.216;90.311;0.013;0.02;1.63;14;2023-07-25;15:19:46
nor2-2290;245692.323;5182472.134;90.309;0.013;0.02;1.63;14;2023-07-25;15:19:47
nor2-2291;245691.509;5182473.134;90.315;0.013;0.02;1.63;14;2023-07-25;15:19:48
nor2-2292;245690.686;5182474.184;90.299;0.016;0.024;1.63;14;2023-07-25;15:19:49
nor2-2293;245689.874;5182475.245;90.278;0.016;0.024;1.63;14;2023-07-25;15:19:50
nor2-2294;245689.145;5182476.191;90.272;0.015;0.023;1.63;15;2023-07-25;15:19:51
nor2-2295;245688.409;5182477.147;90.259;0.014;0.021;1.63;17;2023-07-25;15:19:52
nor2-2296;245687.691;5182478.117;90.264;0.013;0.019;1.63;17;2023-07-25;15:19:53
nor2-2297;245686.967;5182479.066;90.278;0.014;0.022;1.42;16;2023-07-25;15:19:54
nor2-2298;245686.294;5182480.037;90.267;0.013;0.02;1.42;16;2023-07-25;15:19:55
nor2-2299;245685.633;5182480.912;90.279;0.012;0.018;1.548;16;2023-07-25;15:19:56
nor2-2300;245684.917;5182481.879;90.269;0.011;0.017;1.548;16;2023-07-25;15:19:57
nor2-2301;245684.251;5182482.748;90.263;0.012;0.018;1.548;16;2023-07-25;15:19:58
nor2-2302;245683.637;5182483.557;90.274;0.011;0.017;1.548;16;2023-07-25;15:19:59
nor2-2303;245682.977;5182484.43;90.294;0.012;0.018;1.548;16;2023-07-25;15:20:00
nor2-2304;245682.303;5182485.326;90.287;0.012;0.018;1.548;16;2023-07-25;15:20:01
nor2-2305;245681.598;5182486.188;90.292;0.011;0.018;1.548;16;2023-07-25;15:20:02
nor2-2306;245680.874;5182487.036;90.323;0.012;0.018;1.548;16;2023-07-25;15:20:03
nor2-2307;245680.097;5182487.918;90.326;0.011;0.018;1.547;16;2023-07-25;15:20:04
nor2-2308;245679.375;5182488.721;90.355;0.012;0.018;1.547;16;2023-07-25;15:20:05
nor2-2309;245678.624;5182489.53;90.386;0.011;0.018;1.547;16;2023-07-25;15:20:06
nor2-2310;245677.876;5182490.432;90.381;0.011;0.018;1.547;16;2023-07-25;15:20:07
nor2-2311;245677.091;5182491.353;90.328;0.011;0.018;1.547;17;2023-07-25;15:20:08
nor2-2312;245676.269;5182492.107;90.334;0.012;0.019;1.547;17;2023-07-25;15:20:09
nor2-2313;245675.432;5182493;90.283;0.013;0.02;1.418;17;2023-07-25;15:20:10
nor2-2314;245674.823;5182493.717;90.353;0.016;0.026;1.418;16;2023-07-25;15:20:11
nor2-2315;245674.014;5182494.695;90.377;0.015;0.024;1.52;16;2023-07-25;15:20:12
nor2-2316;245673.179;5182495.665;90.385;0.013;0.021;1.52;15;2023-07-25;15:20:13
nor2-2317;245672.453;5182496.483;90.373;0.013;0.02;1.672;15;2023-07-25;15:20:14
nor2-2318;245671.772;5182497.291;90.362;0.013;0.021;1.672;15;2023-07-25;15:20:15
nor2-2319;245671.153;5182498.017;90.369;0.015;0.024;1.546;15;2023-07-25;15:20:16
nor2-2320;245670.377;5182498.853;90.387;0.013;0.02;1.546;15;2023-07-25;15:20:17
nor2-2321;245669.544;5182499.721;90.358;0.013;0.021;1.546;15;2023-07-25;15:20:18
nor2-2322;245669.089;5182500.546;90.37;0.015;0.023;1.546;15;2023-07-25;15:20:19
nor2-2323;245668.796;5182501.485;90.384;0.013;0.019;1.672;16;2023-07-25;15:20:20
nor2-2324;245668.857;5182502.219;90.38;0.013;0.019;1.672;16;2023-07-25;15:20:21
nor2-2325;245669.076;5182502.927;90.406;0.013;0.019;1.519;16;2023-07-25;15:20:22
nor2-2326;245669.576;5182503.654;90.398;0.014;0.021;1.519;15;2023-07-25;15:20:23
nor2-2327;245670.233;5182504.222;90.4;0.013;0.02;1.671;15;2023-07-25;15:20:24
nor2-2328;245670.996;5182504.74;90.396;0.013;0.019;1.671;16;2023-07-25;15:20:25
nor2-2329;245671.732;5182505.121;90.397;0.013;0.019;1.519;16;2023-07-25;15:20:26
nor2-2330;245672.465;5182505.403;90.412;0.015;0.023;1.519;16;2023-07-25;15:20:27
nor2-2331;245673.206;5182505.58;90.408;0.013;0.021;1.519;15;2023-07-25;15:20:28
nor2-2332;245674.045;5182505.75;90.409;0.016;0.024;1.519;16;2023-07-25;15:20:29
nor2-2333;245674.92;5182505.852;90.431;0.019;0.029;1.519;15;2023-07-25;15:20:30
nor2-2334;245675.736;5182505.814;90.423;0.019;0.03;1.519;16;2023-07-25;15:20:31
nor2-2335;245676.307;5182505.673;90.417;0.021;0.032;1.519;15;2023-07-25;15:20:32
nor2-2336;245677.115;5182505.312;90.416;0.021;0.033;1.519;15;2023-07-25;15:20:33
nor2-2337;245677.573;5182504.822;90.434;0.026;0.041;1.67;15;2023-07-25;15:20:34
nor2-2338;245678.171;5182504.057;90.432;0.02;0.031;1.67;15;2023-07-25;15:20:35
nor2-2339;245678.692;5182503.302;90.459;0.019;0.031;1.67;15;2023-07-25;15:20:36
nor2-2340;245679.362;5182502.366;90.448;0.022;0.035;1.67;15;2023-07-25;15:20:37
nor2-2341;245680.07;5182501.568;90.435;0.022;0.033;1.67;15;2023-07-25;15:20:38
nor2-2342;245680.726;5182500.845;90.441;0.019;0.028;1.67;15;2023-07-25;15:20:39
nor2-2343;245681.478;5182500.028;90.477;0.021;0.029;1.67;15;2023-07-25;15:20:40
nor2-2344;245682.108;5182499.341;90.443;0.02;0.028;1.67;15;2023-07-25;15:20:41
nor2-2345;245682.806;5182498.525;90.457;0.02;0.03;1.67;15;2023-07-25;15:20:42
nor2-2346;245683.321;5182497.819;90.441;0.018;0.028;1.67;15;2023-07-25;15:20:43
nor2-2347;245683.916;5182497.042;90.417;0.017;0.027;1.669;15;2023-07-25;15:20:44
nor2-2348;245684.548;5182496.15;90.423;0.016;0.025;1.669;15;2023-07-25;15:20:45
nor2-2349;245685.14;5182495.347;90.404;0.016;0.024;1.669;15;2023-07-25;15:20:46
nor2-2350;245685.851;5182494.555;90.4;0.015;0.023;1.669;15;2023-07-25;15:20:47
nor2-2351;245686.584;5182493.709;90.398;0.014;0.022;1.669;15;2023-07-25;15:20:48
nor2-2352;245687.277;5182492.969;90.406;0.014;0.021;1.669;15;2023-07-25;15:20:49
nor2-2353;245688.076;5182492.146;90.393;0.014;0.021;1.669;15;2023-07-25;15:20:50
nor2-2354;245688.946;5182491.205;90.397;0.014;0.021;1.669;15;2023-07-25;15:20:51
nor2-2355;245689.641;5182490.264;90.41;0.013;0.02;1.669;15;2023-07-25;15:20:52
nor2-2356;245690.268;5182489.339;90.4;0.013;0.02;1.669;15;2023-07-25;15:20:53
nor2-2357;245690.807;5182488.479;90.397;0.013;0.02;1.668;15;2023-07-25;15:20:54
nor2-2358;245691.33;5182487.668;90.41;0.013;0.02;1.668;15;2023-07-25;15:20:55
nor2-2359;245691.883;5182486.789;90.451;0.018;0.026;1.668;15;2023-07-25;15:20:56
nor2-2360;245692.311;5182485.903;90.45;0.013;0.021;1.668;15;2023-07-25;15:20:57
nor2-2361;245692.828;5182484.964;90.414;0.013;0.02;1.668;15;2023-07-25;15:20:58
nor2-2362;245693.316;5182484.121;90.377;0.013;0.02;1.668;15;2023-07-25;15:20:59
nor2-2363;245693.801;5182483.315;90.347;0.013;0.02;1.668;15;2023-07-25;15:21:00
nor2-2364;245694.325;5182482.49;90.332;0.013;0.02;1.668;15;2023-07-25;15:21:01
nor2-2365;245694.962;5182481.69;90.313;0.013;0.019;1.668;15;2023-07-25;15:21:02
nor2-2366;245695.701;5182480.853;90.32;0.014;0.021;1.668;15;2023-07-25;15:21:03
nor2-2367;245696.463;5182479.996;90.312;0.016;0.024;1.667;15;2023-07-25;15:21:04
nor2-2368;245697.148;5182479.197;90.317;0.017;0.026;1.667;15;2023-07-25;15:21:05
nor2-2369;245697.94;5182478.34;90.315;0.016;0.025;1.667;15;2023-07-25;15:21:06
nor2-2370;245698.696;5182477.529;90.296;0.019;0.029;1.667;15;2023-07-25;15:21:07
nor2-2371;245699.461;5182476.655;90.286;0.024;0.035;1.667;15;2023-07-25;15:21:08
nor2-2372;245700.108;5182475.843;90.243;0.02;0.031;1.667;15;2023-07-25;15:21:09
nor2-2373;245700.806;5182474.821;90.204;0.023;0.032;1.667;14;2023-07-25;15:21:10
nor2-2374;245701.523;5182473.807;90.266;0.022;0.031;1.667;14;2023-07-25;15:21:11
nor2-2375;245702.064;5182472.956;90.259;0.018;0.025;1.667;14;2023-07-25;15:21:12
nor2-2376;245702.549;5182472.281;90.299;0.018;0.023;1.667;14;2023-07-25;15:21:13
nor2-2377;245703.119;5182471.632;90.33;0.018;0.024;1.666;14;2023-07-25;15:21:14
nor2-2378;245703.876;5182470.832;90.374;0.019;0.025;1.666;15;2023-07-25;15:21:15
nor2-2379;245704.673;5182469.983;90.399;0.017;0.025;1.666;15;2023-07-25;15:21:16
nor2-2380;245705.393;5182469.246;90.391;0.019;0.026;1.666;15;2023-07-25;15:21:17
nor2-2381;245706.084;5182468.454;90.393;0.018;0.025;1.666;13;2023-07-25;15:21:18
nor2-2382;245706.668;5182467.677;90.417;0.019;0.027;1.666;13;2023-07-25;15:21:19
nor2-2383;245707.313;5182466.752;90.408;0.021;0.029;1.702;13;2023-07-25;15:21:20
nor2-2384;245707.915;5182465.923;90.438;0.02;0.028;1.702;13;2023-07-25;15:21:21
nor2-2385;245708.474;5182465.203;90.455;0.02;0.028;1.666;14;2023-07-25;15:21:22
nor2-2386;245708.999;5182464.536;90.476;0.026;0.035;1.666;14;2023-07-25;15:21:23
nor2-2387;245709.605;5182463.869;90.438;0.024;0.031;1.666;13;2023-07-25;15:21:24
nor2-2388;245710.015;5182463.189;90.466;0.023;0.03;1.666;13;2023-07-25;15:21:25
nor2-2389;245710.534;5182462.487;90.478;0.022;0.033;1.738;14;2023-07-25;15:21:26
nor2-2390;245711.075;5182461.664;90.474;0.021;0.032;1.738;15;2023-07-25;15:21:27
nor2-2391;245711.653;5182460.962;90.483;0.02;0.029;1.665;15;2023-07-25;15:21:28
nor2-2392;245712.318;5182460.122;90.503;0.018;0.025;1.665;15;2023-07-25;15:21:29
nor2-2393;245713.047;5182459.219;90.499;0.016;0.023;1.665;15;2023-07-25;15:21:30
nor2-2394;245713.775;5182458.309;90.501;0.015;0.023;1.665;15;2023-07-25;15:21:31
nor2-2395;245714.492;5182457.402;90.514;0.017;0.026;1.665;15;2023-07-25;15:21:32
nor2-2396;245715.141;5182456.493;90.534;0.015;0.022;1.665;15;2023-07-25;15:21:33
nor2-2397;245715.788;5182455.706;90.539;0.014;0.022;1.665;15;2023-07-25;15:21:34
nor2-2398;245716.444;5182454.909;90.553;0.015;0.022;1.665;15;2023-07-25;15:21:35
nor2-2399;245717.227;5182453.974;90.548;0.014;0.021;1.664;15;2023-07-25;15:21:36
nor2-2400;245718;5182453.016;90.544;0.014;0.021;1.664;15;2023-07-25;15:21:37
nor2-2401;245718.67;5182451.931;90.545;0.015;0.022;1.664;15;2023-07-25;15:21:38
nor2-2402;245719.35;5182450.756;90.559;0.017;0.026;1.664;15;2023-07-25;15:21:39
nor2-2403;245720.108;5182449.609;90.562;0.018;0.028;1.664;15;2023-07-25;15:21:40
nor2-2404;245721.007;5182448.631;90.573;0.019;0.03;1.664;15;2023-07-25;15:21:41
nor2-2405;245721.856;5182447.645;90.556;0.019;0.03;1.664;15;2023-07-25;15:21:42
nor2-2406;245722.816;5182446.512;90.542;0.021;0.03;1.664;15;2023-07-25;15:21:43
nor2-2407;245723.706;5182445.385;90.538;0.019;0.028;1.664;15;2023-07-25;15:21:44
nor2-2408;245724.529;5182444.364;90.522;0.016;0.024;1.664;16;2023-07-25;15:21:45
nor2-2409;245725.302;5182443.348;90.533;0.014;0.021;1.515;16;2023-07-25;15:21:46
nor2-2410;245726.257;5182442.152;90.521;0.014;0.021;1.515;15;2023-07-25;15:21:47
nor2-2411;245727.166;5182441.001;90.505;0.013;0.019;1.663;15;2023-07-25;15:21:48
nor2-2412;245728.142;5182439.912;90.513;0.014;0.02;1.663;15;2023-07-25;15:21:49
nor2-2413;245729.078;5182438.876;90.518;0.013;0.02;1.663;15;2023-07-25;15:21:50
nor2-2414;245729.904;5182437.865;90.493;0.013;0.019;1.663;15;2023-07-25;15:21:51
nor2-2415;245730.63;5182437.013;90.488;0.012;0.019;1.663;15;2023-07-25;15:21:52
nor2-2416;245731.184;5182436.366;90.461;0.012;0.019;1.663;15;2023-07-25;15:21:53
nor2-2417;245731.763;5182435.692;90.449;0.012;0.019;1.663;15;2023-07-25;15:21:54
nor2-2418;245732.32;5182434.972;90.463;0.014;0.022;1.663;15;2023-07-25;15:21:55
nor2-2419;245732.845;5182434.285;90.446;0.014;0.022;1.662;15;2023-07-25;15:21:56
nor2-2420;245733.27;5182433.777;90.449;0.013;0.021;1.662;15;2023-07-25;15:21:57
nor2-2421;245733.785;5182433.14;90.454;0.014;0.021;1.662;15;2023-07-25;15:21:58
nor2-2422;245734.132;5182432.704;90.437;0.012;0.019;1.662;15;2023-07-25;15:21:59
nor2-2423;245734.491;5182432.239;90.451;0.012;0.018;1.662;15;2023-07-25;15:22:00
nor2-2424;245734.87;5182431.769;90.449;0.012;0.018;1.662;15;2023-07-25;15:22:01
nor2-2425;245735.303;5182431.235;90.453;0.012;0.018;1.662;15;2023-07-25;15:22:02
nor2-2426;245735.839;5182430.568;90.448;0.012;0.019;1.662;15;2023-07-25;15:22:03
nor2-2427;245736.418;5182429.894;90.442;0.012;0.019;1.662;15;2023-07-25;15:22:04
nor2-2428;245737.039;5182429.185;90.429;0.012;0.018;1.662;15;2023-07-25;15:22:05
nor2-2429;245737.679;5182428.427;90.447;0.012;0.018;1.661;15;2023-07-25;15:22:06
nor2-2430;245738.271;5182427.736;90.483;0.012;0.019;1.661;15;2023-07-25;15:22:07
nor2-2431;245738.88;5182426.945;90.437;0.012;0.018;1.661;15;2023-07-25;15:22:08
nor2-2432;245739.344;5182426.319;90.475;0.011;0.018;1.661;15;2023-07-25;15:22:09
nor2-2433;245739.952;5182425.479;90.425;0.012;0.018;1.661;15;2023-07-25;15:22:10
nor2-2434;245740.445;5182424.761;90.414;0.013;0.02;1.661;15;2023-07-25;15:22:11
nor2-2435;245740.932;5182424.052;90.435;0.014;0.022;1.661;15;2023-07-25;15:22:12
nor2-2436;245741.539;5182423.209;90.428;0.014;0.022;1.661;15;2023-07-25;15:22:13
nor2-2437;245742.084;5182422.447;90.435;0.016;0.025;1.661;15;2023-07-25;15:22:14
nor2-2438;245742.593;5182421.779;90.419;0.015;0.024;1.661;15;2023-07-25;15:22:15
nor2-2439;245743.205;5182420.979;90.406;0.018;0.029;1.661;15;2023-07-25;15:22:16
nor2-2440;245743.944;5182420.168;90.383;0.018;0.028;1.661;15;2023-07-25;15:22:17
nor2-2441;245744.721;5182419.311;90.393;0.015;0.024;1.66;15;2023-07-25;15:22:18
nor2-2442;245745.285;5182418.625;90.379;0.014;0.022;1.66;15;2023-07-25;15:22:19
nor2-2443;245745.725;5182417.92;90.378;0.013;0.021;1.66;15;2023-07-25;15:22:20
nor2-2444;245746.262;5182417.083;90.369;0.012;0.019;1.66;15;2023-07-25;15:22:21
nor2-2445;245746.794;5182416.2;90.363;0.012;0.019;1.66;15;2023-07-25;15:22:22
nor2-2446;245747.468;5182415.244;90.334;0.012;0.018;1.66;15;2023-07-25;15:22:23
nor2-2447;245748.144;5182414.401;90.33;0.014;0.021;1.66;15;2023-07-25;15:22:24
nor2-2448;245748.782;5182413.563;90.321;0.013;0.02;1.66;15;2023-07-25;15:22:25
nor2-2449;245749.27;5182412.704;90.327;0.013;0.021;1.66;15;2023-07-25;15:22:26
nor2-2450;245749.697;5182411.9;90.322;0.013;0.02;1.66;15;2023-07-25;15:22:27
nor2-2451;245750.12;5182411.171;90.323;0.014;0.021;1.659;15;2023-07-25;15:22:28
nor2-2452;245750.59;5182410.341;90.336;0.014;0.021;1.659;15;2023-07-25;15:22:29
nor2-2453;245751.174;5182409.546;90.326;0.017;0.027;1.659;15;2023-07-25;15:22:30
nor2-2454;245751.883;5182408.705;90.305;0.017;0.027;1.659;15;2023-07-25;15:22:31
nor2-2455;245752.617;5182407.833;90.273;0.017;0.026;1.659;15;2023-07-25;15:22:32
nor2-2456;245753.371;5182406.974;90.295;0.018;0.026;1.659;14;2023-07-25;15:22:33
nor2-2457;245754.143;5182406.066;90.279;0.018;0.025;1.659;14;2023-07-25;15:22:34
nor2-2458;245754.886;5182405.225;90.254;0.016;0.023;1.659;14;2023-07-25;15:22:35
nor2-2459;245755.51;5182404.492;90.287;0.015;0.022;1.659;15;2023-07-25;15:22:36
nor2-2460;245756.239;5182403.606;90.254;0.015;0.023;1.659;15;2023-07-25;15:22:37
nor2-2461;245756.881;5182402.761;90.232;0.015;0.023;1.659;15;2023-07-25;15:22:38
nor2-2462;245757.435;5182401.988;90.188;0.014;0.022;1.659;15;2023-07-25;15:22:39
nor2-2463;245758.02;5182401.197;90.165;0.014;0.023;1.658;15;2023-07-25;15:22:40
nor2-2464;245758.651;5182400.487;90.184;0.016;0.027;1.658;15;2023-07-25;15:22:41
nor2-2465;245759.424;5182399.696;90.191;0.019;0.03;1.658;15;2023-07-25;15:22:42
nor2-2466;245760.257;5182398.863;90.181;0.019;0.03;1.658;15;2023-07-25;15:22:43
nor2-2467;245760.88;5182398.054;90.173;0.02;0.031;1.658;15;2023-07-25;15:22:44
nor2-2468;245761.523;5182397.238;90.168;0.017;0.027;1.658;15;2023-07-25;15:22:45
nor2-2469;245762.106;5182396.424;90.192;0.021;0.029;1.658;15;2023-07-25;15:22:46
nor2-2470;245762.722;5182395.675;90.149;0.024;0.034;1.658;13;2023-07-25;15:22:47
nor2-2471;245763.343;5182394.946;90.195;0.025;0.035;1.658;13;2023-07-25;15:22:48
nor2-2472;245763.806;5182394.401;90.259;0.023;0.033;1.658;14;2023-07-25;15:22:49
nor2-2473;245764.385;5182393.694;90.311;0.03;0.044;1.657;15;2023-07-25;15:22:50
nor2-2474;245764.999;5182393.025;90.355;0.021;0.031;1.657;15;2023-07-25;15:22:51
nor2-2475;245765.817;5182392.24;90.359;0.019;0.028;1.657;15;2023-07-25;15:22:52
nor2-2476;245766.514;5182391.56;90.345;0.019;0.028;1.657;15;2023-07-25;15:22:53
nor2-2477;245767.229;5182390.716;90.35;0.018;0.027;1.657;15;2023-07-25;15:22:54
nor2-2478;245767.843;5182389.86;90.343;0.016;0.024;1.657;15;2023-07-25;15:22:55
nor2-2479;245768.257;5182389.108;90.367;0.015;0.022;1.657;16;2023-07-25;15:22:56
nor2-2480;245768.718;5182388.458;90.389;0.016;0.023;1.657;16;2023-07-25;15:22:57
nor2-2481;245769.402;5182387.603;90.392;0.015;0.022;1.511;16;2023-07-25;15:22:58
nor2-2482;245770.342;5182386.57;90.35;0.017;0.026;1.511;16;2023-07-25;15:22:59
nor2-2483;245771.084;5182385.66;90.304;0.017;0.025;1.511;15;2023-07-25;15:23:00
nor2-2484;245771.79;5182384.804;90.308;0.016;0.024;1.511;15;2023-07-25;15:23:01
nor2-2485;245772.396;5182384.101;90.311;0.016;0.023;1.511;15;2023-07-25;15:23:02
nor2-2486;245772.857;5182383.452;90.341;0.016;0.024;1.511;15;2023-07-25;15:23:03
nor2-2487;245773.363;5182382.696;90.367;0.016;0.024;1.511;15;2023-07-25;15:23:04
nor2-2488;245773.842;5182381.929;90.372;0.015;0.021;1.511;15;2023-07-25;15:23:05
nor2-2489;245774.34;5182381.119;90.403;0.015;0.022;1.73;15;2023-07-25;15:23:06
nor2-2490;245774.813;5182380.311;90.422;0.015;0.021;1.73;15;2023-07-25;15:23:07
nor2-2491;245775.301;5182379.472;90.439;0.015;0.022;1.73;15;2023-07-25;15:23:08
nor2-2492;245775.85;5182378.641;90.443;0.017;0.026;1.73;14;2023-07-25;15:23:09
nor2-2493;245776.499;5182377.707;90.488;0.015;0.022;1.991;14;2023-07-25;15:23:10
nor2-2494;245777.067;5182376.833;90.484;0.015;0.022;1.991;14;2023-07-25;15:23:11
nor2-2495;245777.712;5182375.904;90.508;0.016;0.026;1.991;14;2023-07-25;15:23:12
nor2-2496;245778.447;5182375.066;90.495;0.015;0.026;1.991;14;2023-07-25;15:23:13
nor2-2497;245779.361;5182374.546;90.508;0.017;0.027;1.99;14;2023-07-25;15:23:14
nor2-2498;245780.423;5182374.363;90.485;0.016;0.025;1.99;15;2023-07-25;15:23:15
nor2-2499;245781.887;5182374.326;90.424;0.016;0.025;1.655;15;2023-07-25;15:23:16
nor2-2500;245783.109;5182374.406;90.403;0.019;0.03;1.655;15;2023-07-25;15:23:17
nor2-2501;245784.057;5182374.648;90.426;0.014;0.023;1.655;15;2023-07-25;15:23:18
nor2-2502;245785.036;5182374.988;90.457;0.019;0.031;1.655;14;2023-07-25;15:23:19
nor2-2503;245785.888;5182375.379;90.462;0.017;0.027;1.989;15;2023-07-25;15:23:20
nor2-2504;245786.66;5182375.806;90.493;0.015;0.024;1.989;15;2023-07-25;15:23:21
nor2-2505;245787.439;5182376.333;90.517;0.015;0.024;1.729;15;2023-07-25;15:23:22
nor2-2506;245788.363;5182377.032;90.483;0.017;0.027;1.729;14;2023-07-25;15:23:23
nor2-2507;245789.234;5182377.775;90.492;0.019;0.029;1.989;15;2023-07-25;15:23:24
nor2-2508;245789.895;5182378.41;90.481;0.018;0.028;1.989;15;2023-07-25;15:23:25
nor2-2509;245790.568;5182379.123;90.434;0.021;0.032;1.989;15;2023-07-25;15:23:26
nor2-2510;245791.038;5182379.695;90.422;0.021;0.032;1.654;15;2023-07-25;15:23:27
nor2-2511;245791.327;5182380.473;90.452;0.021;0.033;1.654;16;2023-07-25;15:23:28
nor2-2512;245791.472;5182381.487;90.482;0.029;0.046;1.654;16;2023-07-25;15:23:29
nor2-2513;245791.372;5182382.296;90.516;0.022;0.034;1.509;14;2023-07-25;15:23:30
nor2-2514;245791.094;5182382.987;90.534;0.033;0.054;1.509;14;2023-07-25;15:23:31
nor2-2515;245790.734;5182383.651;90.492;0.016;0.023;1.654;13;2023-07-25;15:23:32
nor2-2516;245790.671;5182383.673;90.496;0.016;0.023;1.731;14;2023-07-25;15:23:33
nor2-2517;245790.672;5182383.686;90.497;0.015;0.022;1.731;14;2023-07-25;15:23:34
nor2-2518;245790.576;5182383.821;90.509;0.018;0.024;1.668;14;2023-07-25;15:23:35
nor2-2519;245790.283;5182384.283;90.482;0.015;0.021;1.668;14;2023-07-25;15:23:36
nor2-2520;245790.06;5182384.602;90.477;0.017;0.023;1.668;14;2023-07-25;15:23:37
nor2-2521;245790.069;5182384.569;90.489;0.017;0.023;1.668;14;2023-07-25;15:23:38
nor2-2522;245790.063;5182384.579;90.498;0.016;0.022;1.668;14;2023-07-25;15:23:39
nor2-2523;245790.065;5182384.586;90.483;0.016;0.022;1.668;14;2023-07-25;15:23:40
nor2-2524;245790.062;5182384.578;90.488;0.016;0.023;1.668;14;2023-07-25;15:23:41
nor2-2525;245790.06;5182384.581;90.482;0.017;0.022;1.668;14;2023-07-25;15:23:42
nor2-2526;245790.065;5182384.586;90.492;0.017;0.023;1.668;15;2023-07-25;15:23:43
nor2-2527;245790.059;5182384.58;90.493;0.017;0.023;1.668;15;2023-07-25;15:23:44
nor2-2528;245790.058;5182384.577;90.485;0.017;0.023;1.555;15;2023-07-25;15:23:45
nor2-2529;245790.061;5182384.578;90.494;0.017;0.024;1.555;16;2023-07-25;15:23:46
nor2-2530;245790.057;5182384.576;90.5;0.018;0.024;1.508;16;2023-07-25;15:23:47
nor2-2531;245790.061;5182384.583;90.493;0.018;0.024;1.508;15;2023-07-25;15:23:48
nor2-2532;245790.06;5182384.582;90.485;0.018;0.024;1.554;15;2023-07-25;15:23:49
nor2-2533;245790.054;5182384.574;90.487;0.018;0.024;1.554;14;2023-07-25;15:23:50
nor2-2534;245790.053;5182384.57;90.497;0.018;0.024;1.564;15;2023-07-25;15:23:51
nor2-2535;245790.056;5182384.58;90.496;0.018;0.024;1.564;15;2023-07-25;15:23:52
nor2-2536;245790.06;5182384.573;90.498;0.018;0.025;1.564;15;2023-07-25;15:23:53
nor2-2537;245790.054;5182384.58;90.494;0.018;0.025;1.564;15;2023-07-25;15:23:54
nor2-2538;245790.058;5182384.577;90.494;0.019;0.025;1.564;15;2023-07-25;15:23:55
nor2-2539;245790.056;5182384.58;90.501;0.019;0.025;1.564;15;2023-07-25;15:23:56
nor2-2540;245790.151;5182384.433;90.507;0.019;0.026;1.564;15;2023-07-25;15:23:57
nor2-2541;245790.275;5182384.252;90.515;0.02;0.026;1.564;14;2023-07-25;15:23:58
nor2-2542;245790.482;5182383.953;90.524;0.019;0.026;1.668;14;2023-07-25;15:23:59
nor2-2543;245790.596;5182383.786;90.523;0.02;0.026;1.668;14;2023-07-25;15:24:00
nor2-2544;245790.593;5182383.782;90.514;0.019;0.026;1.668;14;2023-07-25;15:24:01
nor2-2545;245790.591;5182383.785;90.518;0.019;0.025;1.668;14;2023-07-25;15:24:02
nor2-2546;245790.595;5182383.771;90.512;0.02;0.026;1.668;14;2023-07-25;15:24:03
nor2-2547;245790.591;5182383.781;90.519;0.019;0.026;1.668;14;2023-07-25;15:24:04
nor2-2548;245790.597;5182383.78;90.507;0.02;0.026;1.668;14;2023-07-25;15:24:05
nor2-2549;245790.597;5182383.775;90.507;0.02;0.027;1.668;14;2023-07-25;15:24:06
nor2-2550;245790.595;5182383.774;90.509;0.02;0.027;1.668;14;2023-07-25;15:24:07
nor2-2551;245790.597;5182383.773;90.513;0.02;0.027;1.668;15;2023-07-25;15:24:08
nor2-2552;245790.595;5182383.776;90.511;0.02;0.027;1.554;15;2023-07-25;15:24:09
nor2-2553;245790.596;5182383.788;90.513;0.02;0.027;1.554;15;2023-07-25;15:24:10
nor2-2554;245790.591;5182383.77;90.508;0.02;0.028;1.554;15;2023-07-25;15:24:11
nor2-2555;245790.594;5182383.778;90.509;0.02;0.028;1.554;15;2023-07-25;15:24:12
nor2-2556;245790.595;5182383.776;90.508;0.02;0.028;1.554;15;2023-07-25;15:24:13
nor2-2557;245790.598;5182383.775;90.505;0.02;0.028;1.554;15;2023-07-25;15:24:14
nor2-2558;245790.595;5182383.774;90.516;0.02;0.028;1.554;15;2023-07-25;15:24:15
nor2-2559;245790.595;5182383.766;90.511;0.02;0.028;1.554;15;2023-07-25;15:24:16
nor2-2560;245790.595;5182383.772;90.513;0.021;0.028;1.553;14;2023-07-25;15:24:17
nor2-2561;245790.595;5182383.769;90.517;0.021;0.028;1.553;14;2023-07-25;15:24:18
nor2-2562;245790.598;5182383.775;90.506;0.021;0.029;1.553;14;2023-07-25;15:24:19
nor2-2563;245790.597;5182383.777;90.512;0.021;0.029;1.553;14;2023-07-25;15:24:20
nor2-2564;245790.263;5182384.258;90.495;0.024;0.033;1.553;15;2023-07-25;15:24:21
nor2-2565;245789.721;5182385.033;90.487;0.021;0.029;1.553;15;2023-07-25;15:24:22
nor2-2566;245789.126;5182385.866;90.466;0.02;0.028;1.553;14;2023-07-25;15:24:23
nor2-2567;245788.501;5182386.691;90.474;0.028;0.039;1.553;14;2023-07-25;15:24:24
nor2-2568;245787.823;5182387.576;90.454;0.026;0.038;1.668;13;2023-07-25;15:24:25
nor2-2569;245787.14;5182388.462;90.461;0.028;0.041;1.668;13;2023-07-25;15:24:26
nor2-2570;245786.448;5182389.41;90.456;0.029;0.038;1.922;12;2023-07-25;15:24:27
nor2-2571;245785.793;5182390.28;90.465;0.028;0.038;1.922;13;2023-07-25;15:24:28
nor2-2572;245785.206;5182391.027;90.472;0.028;0.038;1.922;12;2023-07-25;15:24:29
nor2-2573;245784.611;5182391.777;90.488;0.032;0.043;1.922;12;2023-07-25;15:24:30
nor2-2574;245784.013;5182392.513;90.479;0.03;0.041;2.201;13;2023-07-25;15:24:31
nor2-2575;245783.451;5182393.159;90.517;0.037;0.05;2.201;12;2023-07-25;15:24:32
nor2-2576;245781.751;5182395.392;90.481;0.04;0.052;2.201;12;2023-07-25;15:24:35
nor2-2577;245776.363;5182402.03;90.576;0.04;0.051;1.853;10;2023-07-25;15:24:44
nor2-2578;245775.714;5182402.717;90.614;0.036;0.045;2.2;11;2023-07-25;15:24:45
nor2-2579;245775.153;5182403.449;90.57;0.034;0.044;2.2;11;2023-07-25;15:24:46
nor2-2580;245774.453;5182404.167;90.537;0.027;0.034;2.2;13;2023-07-25;15:24:47
nor2-2581;245773.792;5182404.864;90.564;0.033;0.042;2.2;13;2023-07-25;15:24:48
nor2-2582;245773.293;5182405.544;90.544;0.041;0.054;2.104;13;2023-07-25;15:24:49
nor2-2583;245772.71;5182406.249;90.526;0.036;0.047;2.104;13;2023-07-25;15:24:50
nor2-2584;245769.776;5182410.034;90.491;0.036;0.051;2.212;12;2023-07-25;15:24:55
nor2-2585;245768.863;5182411.155;90.554;0.039;0.045;1.882;12;2023-07-25;15:24:57
nor2-2586;245768.25;5182411.987;90.561;0.04;0.047;1.882;14;2023-07-25;15:24:58
nor2-2587;245759.687;5182422.572;90.51;0.037;0.049;2.265;12;2023-07-25;15:25:11
nor2-2588;245759.102;5182423.179;90.596;0.041;0.06;2.265;12;2023-07-25;15:25:12
nor2-2589;245758.552;5182423.855;90.601;0.039;0.058;2.515;12;2023-07-25;15:25:13
nor2-2590;245756.611;5182426.339;90.534;0.033;0.038;2.266;11;2023-07-25;15:25:17
nor2-2591;245756.152;5182426.941;90.56;0.037;0.041;2.266;11;2023-07-25;15:25:18
nor2-2592;245755.651;5182427.539;90.53;0.035;0.039;2.713;11;2023-07-25;15:25:19
nor2-2593;245755.102;5182428.304;90.508;0.032;0.036;2.713;13;2023-07-25;15:25:20
nor2-2594;245754.495;5182429.089;90.51;0.029;0.036;1.973;12;2023-07-25;15:25:21
nor2-2595;245753.921;5182429.834;90.505;0.035;0.043;1.973;12;2023-07-25;15:25:22
nor2-2596;245753.288;5182430.622;90.497;0.034;0.038;1.973;11;2023-07-25;15:25:23
nor2-2597;245751.842;5182432.345;90.496;0.04;0.041;2.714;12;2023-07-25;15:25:25
nor2-2598;245749.514;5182434.979;90.536;0.033;0.041;2.104;13;2023-07-25;15:25:28
nor2-2599;245748.897;5182435.799;90.513;0.033;0.041;2.104;13;2023-07-25;15:25:29
nor2-2600;245748.199;5182436.566;90.525;0.02;0.027;2.104;13;2023-07-25;15:25:30
nor2-2601;245747.524;5182437.356;90.555;0.023;0.031;2.104;14;2023-07-25;15:25:31
nor2-2602;245746.987;5182438.153;90.517;0.027;0.036;1.713;13;2023-07-25;15:25:32
nor2-2603;245746.336;5182439.078;90.524;0.028;0.037;1.713;13;2023-07-25;15:25:33
nor2-2604;245745.63;5182439.998;90.538;0.027;0.036;2.104;13;2023-07-25;15:25:34
nor2-2605;245744.847;5182440.939;90.545;0.027;0.036;2.104;14;2023-07-25;15:25:35
nor2-2606;245744.033;5182441.778;90.618;0.025;0.035;1.713;14;2023-07-25;15:25:36
nor2-2607;245741.955;5182444.319;90.539;0.041;0.036;1.849;12;2023-07-25;15:25:39
nor2-2608;245741.232;5182445.038;90.595;0.036;0.038;2.104;12;2023-07-25;15:25:40
nor2-2609;245738.92;5182448.168;90.533;0.04;0.036;2.519;13;2023-07-25;15:25:44
nor2-2610;245738.367;5182448.986;90.577;0.036;0.033;2.519;12;2023-07-25;15:25:45
nor2-2611;245737.642;5182449.927;90.609;0.036;0.034;2.52;12;2023-07-25;15:25:46
nor2-2612;245737.02;5182450.76;90.596;0.038;0.035;2.52;12;2023-07-25;15:25:47
nor2-2613;245736.279;5182451.709;90.614;0.042;0.04;2.52;12;2023-07-25;15:25:48
nor2-2614;245730.783;5182458.203;90.609;0.035;0.044;1.969;13;2023-07-25;15:25:56
nor2-2615;245713.695;5182479.726;90.531;0.037;0.038;2.35;12;2023-07-25;15:26:22
nor2-2616;245707.073;5182488.596;90.584;0.028;0.049;2.009;13;2023-07-25;15:26:32
nor2-2617;245706.35;5182489.478;90.639;0.027;0.048;2.009;13;2023-07-25;15:26:33
nor2-2618;245705.658;5182490.389;90.604;0.028;0.038;2.01;13;2023-07-25;15:26:34
nor2-2619;245704.985;5182491.294;90.584;0.037;0.037;2.01;12;2023-07-25;15:26:35
nor2-2620;245704.324;5182492.166;90.55;0.032;0.035;2.324;13;2023-07-25;15:26:36
nor2-2621;245703.603;5182493.04;90.57;0.028;0.033;2.324;14;2023-07-25;15:26:37
nor2-2622;245702.922;5182493.922;90.572;0.026;0.03;1.974;14;2023-07-25;15:26:38
nor2-2623;245702.149;5182494.842;90.631;0.038;0.061;1.974;13;2023-07-25;15:26:39
nor2-2624;245701.455;5182495.699;90.598;0.025;0.036;1.977;12;2023-07-25;15:26:40
nor2-2625;245700.765;5182496.58;90.585;0.026;0.039;1.977;12;2023-07-25;15:26:41
nor2-2626;245700.05;5182497.433;90.577;0.023;0.033;1.977;12;2023-07-25;15:26:42
nor2-2627;245699.36;5182498.283;90.61;0.022;0.032;2.269;12;2023-07-25;15:26:43
nor2-2628;245698.667;5182499.134;90.613;0.021;0.031;2.269;12;2023-07-25;15:26:44
nor2-2629;245697.978;5182499.988;90.631;0.023;0.033;2.269;13;2023-07-25;15:26:45
nor2-2630;245697.298;5182500.84;90.621;0.023;0.032;2.012;14;2023-07-25;15:26:46
nor2-2631;245696.587;5182501.726;90.6;0.025;0.035;2.012;13;2023-07-25;15:26:47
nor2-2632;245695.917;5182502.551;90.617;0.024;0.034;2.105;13;2023-07-25;15:26:48
nor2-2633;245695.262;5182503.394;90.611;0.024;0.035;2.105;12;2023-07-25;15:26:49
nor2-2634;245694.6;5182504.229;90.623;0.024;0.034;2.105;14;2023-07-25;15:26:50
nor2-2635;245693.935;5182505.086;90.609;0.022;0.032;2.105;13;2023-07-25;15:26:51
nor2-2636;245693.262;5182505.965;90.557;0.022;0.032;2.105;13;2023-07-25;15:26:52
nor2-2637;245692.61;5182506.813;90.573;0.024;0.033;2.105;13;2023-07-25;15:26:53
nor2-2638;245691.971;5182507.645;90.537;0.026;0.036;1.852;13;2023-07-25;15:26:54
nor2-2639;245691.333;5182508.428;90.557;0.03;0.041;1.852;13;2023-07-25;15:26:55
nor2-2640;245690.292;5182509.744;90.534;0.024;0.034;1.852;14;2023-07-25;15:26:57
nor2-2641;245689.856;5182510.269;90.533;0.021;0.031;1.976;15;2023-07-25;15:26:58
nor2-2642;245689.381;5182510.814;90.516;0.023;0.034;1.976;15;2023-07-25;15:26:59
nor2-2643;245688.824;5182511.395;90.591;0.025;0.035;1.75;14;2023-07-25;15:27:00
nor2-2644;245688.731;5182511.53;90.539;0.031;0.044;1.75;14;2023-07-25;15:27:01
nor2-2645;245688.757;5182511.515;90.568;0.025;0.036;1.75;16;2023-07-25;15:27:02
nor2-2646;245688.745;5182511.534;90.542;0.023;0.033;1.75;16;2023-07-25;15:27:03
nor2-2647;245688.736;5182511.513;90.566;0.023;0.032;1.507;16;2023-07-25;15:27:04
nor2-2648;245688.73;5182511.513;90.567;0.022;0.03;1.507;15;2023-07-25;15:27:05
nor2-2649;245688.736;5182511.512;90.579;0.02;0.028;1.636;16;2023-07-25;15:27:06
nor2-2650;245688.733;5182511.533;90.577;0.019;0.028;1.636;16;2023-07-25;15:27:07
nor2-2651;245688.721;5182511.538;90.585;0.019;0.028;1.552;17;2023-07-25;15:27:08
nor2-2652;245688.721;5182511.54;90.579;0.019;0.029;1.552;16;2023-07-25;15:27:09
nor2-2653;245688.351;5182511.949;90.589;0.02;0.03;1.551;16;2023-07-25;15:27:10
nor2-2654;245687.837;5182512.536;90.573;0.022;0.034;1.551;16;2023-07-25;15:27:11
nor2-2655;245687.136;5182513.362;90.56;0.02;0.031;1.414;16;2023-07-25;15:27:12
nor2-2656;245686.456;5182514.153;90.569;0.024;0.037;1.414;17;2023-07-25;15:27:13
nor2-2657;245685.792;5182514.935;90.58;0.022;0.034;1.414;16;2023-07-25;15:27:14
nor2-2658;245685.146;5182515.686;90.576;0.024;0.037;1.414;16;2023-07-25;15:27:15
nor2-2659;245684.454;5182516.491;90.566;0.022;0.035;1.495;16;2023-07-25;15:27:16
nor2-2660;245683.799;5182517.23;90.565;0.026;0.041;1.495;16;2023-07-25;15:27:17
nor2-2661;245683.223;5182517.957;90.576;0.026;0.039;1.414;15;2023-07-25;15:27:18
nor2-2662;245682.958;5182518.438;90.563;0.026;0.039;1.414;16;2023-07-25;15:27:19
nor2-2663;245682.829;5182518.927;90.562;0.025;0.038;1.454;16;2023-07-25;15:27:20
nor2-2664;245682.769;5182519.537;90.54;0.024;0.036;1.454;15;2023-07-25;15:27:21
nor2-2665;245683.101;5182519.988;90.503;0.028;0.041;1.454;15;2023-07-25;15:27:22
nor2-2666;245683.6;5182520.613;90.438;0.029;0.043;1.454;14;2023-07-25;15:27:23
nor2-2667;245684.094;5182521.017;90.462;0.025;0.039;1.454;14;2023-07-25;15:27:24
nor2-2668;245684.687;5182521.418;90.446;0.023;0.035;1.454;15;2023-07-25;15:27:25
nor2-2669;245685.356;5182521.762;90.437;0.022;0.033;1.454;16;2023-07-25;15:27:26
nor2-2670;245685.684;5182521.93;90.398;0.023;0.034;1.454;16;2023-07-25;15:27:27
nor2-2671;245685.707;5182521.943;90.411;0.02;0.03;1.454;16;2023-07-25;15:27:28
nor2-2672;245685.797;5182521.996;90.411;0.02;0.03;1.454;16;2023-07-25;15:27:29
nor2-2673;245686.701;5182522.612;90.404;0.018;0.026;1.454;16;2023-07-25;15:27:30
nor2-2674;245687.644;5182523.332;90.461;0.018;0.026;1.454;17;2023-07-25;15:27:31
nor2-2675;245688.683;5182524.168;90.458;0.017;0.025;1.415;17;2023-07-25;15:27:32
nor2-2676;245689.703;5182524.918;90.462;0.017;0.025;1.415;16;2023-07-25;15:27:33
nor2-2677;245690.751;5182525.764;90.464;0.018;0.026;1.415;16;2023-07-25;15:27:34
nor2-2678;245691.786;5182526.573;90.476;0.019;0.029;1.415;15;2023-07-25;15:27:35
nor2-2679;245692.953;5182527.475;90.403;0.022;0.034;1.415;14;2023-07-25;15:27:36
nor2-2680;245694.083;5182528.346;90.3;0.02;0.032;1.415;15;2023-07-25;15:27:37
nor2-2681;245695.169;5182529.206;90.184;0.021;0.033;1.551;14;2023-07-25;15:27:38
nor2-2682;245696.252;5182529.945;90.018;0.023;0.037;1.551;14;2023-07-25;15:27:39
nor2-2683;245697.284;5182530.742;89.915;0.025;0.039;1.736;14;2023-07-25;15:27:40
nor2-2684;245698.417;5182531.623;89.708;0.025;0.039;1.736;13;2023-07-25;15:27:41
nor2-2685;245699.359;5182532.397;89.629;0.027;0.042;3.132;13;2023-07-25;15:27:42
nor2-2686;245700.311;5182533.096;89.587;0.032;0.053;3.132;14;2023-07-25;15:27:43
nor2-2687;245701.239;5182533.729;89.61;0.025;0.04;2.087;14;2023-07-25;15:27:44
nor2-2688;245702.253;5182534.381;89.596;0.024;0.036;2.087;14;2023-07-25;15:27:45
nor2-2689;245703.302;5182534.997;89.537;0.025;0.035;2.087;13;2023-07-25;15:27:46
nor2-2690;245704.358;5182535.689;89.491;0.034;0.043;2.087;13;2023-07-25;15:27:47
nor2-2691;245707.206;5182537.979;89.499;0.042;0.047;2.346;10;2023-07-25;15:27:50
nor2-2692;245708.19;5182538.873;89.493;0.042;0.039;2.346;9;2023-07-25;15:27:51
nor2-2693;245709.124;5182539.609;89.476;0.039;0.037;3.215;9;2023-07-25;15:27:52
nor2-2694;245711.321;5182536.701;89.994;0.042;0.041;3.362;10;2023-07-25;15:29:50
nor2-2695;245709.195;5182535.515;89.934;0.037;0.036;3.36;10;2023-07-25;15:29:52
nor2-2696;245708.143;5182534.959;89.855;0.039;0.038;3.358;10;2023-07-25;15:29:53
nor2-2697;245707.138;5182534.365;89.801;0.04;0.04;3.358;10;2023-07-25;15:29:54
nor2-2698;245704.993;5182533.27;89.828;0.039;0.041;3.356;12;2023-07-25;15:29:56
nor2-2699;245703.949;5182532.694;89.864;0.035;0.038;2.354;12;2023-07-25;15:29:57
nor2-2700;245702.813;5182532.165;89.848;0.032;0.035;2.354;12;2023-07-25;15:29:58
nor2-2701;245701.788;5182531.596;89.867;0.025;0.033;2.354;12;2023-07-25;15:29:59
nor2-2702;245700.655;5182531.058;89.857;0.023;0.031;2.354;12;2023-07-25;15:30:00
nor2-2703;245699.599;5182530.534;89.944;0.023;0.031;2.354;12;2023-07-25;15:30:01
nor2-2704;245698.53;5182530.109;89.969;0.025;0.034;2.354;13;2023-07-25;15:30:02
nor2-2705;245697.512;5182529.672;90.07;0.026;0.033;2.229;13;2023-07-25;15:30:03
nor2-2706;245696.458;5182529.26;90.146;0.024;0.031;2.229;14;2023-07-25;15:30:04
nor2-2707;245695.367;5182528.823;90.219;0.026;0.036;2.098;14;2023-07-25;15:30:05
nor2-2708;245694.27;5182528.388;90.318;0.029;0.042;2.098;14;2023-07-25;15:30:06
nor2-2709;245693.059;5182527.938;90.378;0.027;0.043;2.098;13;2023-07-25;15:30:07
nor2-2710;245691.92;5182527.496;90.392;0.028;0.046;2.098;13;2023-07-25;15:30:08
nor2-2711;245690.865;5182527.071;90.469;0.026;0.044;2.098;13;2023-07-25;15:30:09
nor2-2712;245689.78;5182526.527;90.471;0.022;0.034;2.098;15;2023-07-25;15:30:10
nor2-2713;245688.654;5182525.948;90.475;0.027;0.046;1.633;14;2023-07-25;15:30:11
nor2-2714;245687.556;5182525.397;90.451;0.029;0.051;1.633;15;2023-07-25;15:30:12
nor2-2715;245686.457;5182524.895;90.44;0.022;0.034;1.623;14;2023-07-25;15:30:13
nor2-2716;245685.363;5182524.319;90.407;0.02;0.029;1.623;13;2023-07-25;15:30:14
nor2-2717;245684.317;5182523.745;90.423;0.019;0.028;1.575;14;2023-07-25;15:30:15
nor2-2718;245683.33;5182523.174;90.46;0.017;0.025;1.575;15;2023-07-25;15:30:16
nor2-2719;245682.356;5182522.604;90.469;0.015;0.023;1.524;15;2023-07-25;15:30:17
nor2-2720;245681.53;5182522.269;90.497;0.016;0.024;1.524;15;2023-07-25;15:30:18
nor2-2721;245680.743;5182522.075;90.526;0.016;0.025;1.524;14;2023-07-25;15:30:19
nor2-2722;245679.92;5182522.024;90.533;0.018;0.027;1.524;14;2023-07-25;15:30:20
nor2-2723;245679.455;5182522.284;90.566;0.02;0.03;1.57;15;2023-07-25;15:30:21
nor2-2724;245678.814;5182522.799;90.571;0.023;0.034;1.57;15;2023-07-25;15:30:22
nor2-2725;245678.156;5182523.42;90.576;0.03;0.046;1.57;15;2023-07-25;15:30:23
nor2-2726;245677.474;5182524.194;90.551;0.027;0.039;1.57;13;2023-07-25;15:30:24
nor2-2727;245676.853;5182525.002;90.561;0.03;0.041;1.571;12;2023-07-25;15:30:25
nor2-2728;245676.262;5182525.842;90.577;0.037;0.049;1.571;11;2023-07-25;15:30:26
nor2-2729;245675.685;5182526.688;90.562;0.034;0.046;2.227;12;2023-07-25;15:30:27
nor2-2730;245674.894;5182527.769;90.557;0.029;0.038;2.228;9;2023-07-25;15:30:29
nor2-2731;245674.09;5182528.815;90.554;0.032;0.042;2.228;9;2023-07-25;15:30:30
nor2-2732;245671.415;5182532.132;90.549;0.033;0.048;1.774;14;2023-07-25;15:30:37
nor2-2733;245671.406;5182532.131;90.552;0.033;0.047;1.774;16;2023-07-25;15:30:38
nor2-2734;245671.405;5182532.133;90.528;0.03;0.04;1.521;17;2023-07-25;15:30:39
nor2-2735;245671.421;5182532.124;90.564;0.025;0.036;1.521;17;2023-07-25;15:30:40
nor2-2736;245671.298;5182532.271;90.568;0.024;0.035;1.402;16;2023-07-25;15:30:41
nor2-2737;245671.062;5182532.568;90.574;0.027;0.04;1.722;15;2023-07-25;15:30:42
nor2-2738;245671.024;5182532.634;90.58;0.024;0.035;1.809;14;2023-07-25;15:30:43
nor2-2739;245671.015;5182532.635;90.561;0.024;0.036;1.402;14;2023-07-25;15:30:44
nor2-2740;245671.019;5182532.641;90.568;0.025;0.036;1.775;14;2023-07-25;15:30:45
nor2-2741;245671.024;5182532.642;90.558;0.023;0.034;1.775;14;2023-07-25;15:30:46
nor2-2742;245671.019;5182532.639;90.548;0.023;0.034;1.621;14;2023-07-25;15:30:47
nor2-2743;245671.014;5182532.633;90.552;0.021;0.031;1.621;14;2023-07-25;15:30:48
nor2-2744;245671.022;5182532.649;90.553;0.023;0.033;1.621;14;2023-07-25;15:30:49
nor2-2745;245671.015;5182532.652;90.553;0.023;0.033;1.621;14;2023-07-25;15:30:50
nor2-2746;245671.007;5182532.639;90.551;0.022;0.032;1.526;15;2023-07-25;15:30:51
nor2-2747;245671.021;5182532.64;90.556;0.022;0.031;1.526;15;2023-07-25;15:30:52
nor2-2748;245671.006;5182532.641;90.54;0.022;0.031;1.526;15;2023-07-25;15:30:53
nor2-2749;245670.93;5182532.752;90.582;0.023;0.032;1.526;15;2023-07-25;15:30:54
nor2-2750;245670.556;5182533.227;90.555;0.026;0.037;1.526;14;2023-07-25;15:30:55
nor2-2751;245670.064;5182533.872;90.575;0.027;0.039;1.526;14;2023-07-25;15:30:56
nor2-2752;245669.401;5182534.673;90.608;0.029;0.042;1.527;13;2023-07-25;15:30:57
nor2-2753;245668.646;5182535.59;90.559;0.04;0.059;1.527;13;2023-07-25;15:30:58
nor2-2754;245663.286;5182542.427;90.563;0.036;0.065;2.453;12;2023-07-25;15:31:05
nor2-2755;245662.589;5182543.435;90.561;0.033;0.058;1.821;13;2023-07-25;15:31:06
nor2-2756;245661.94;5182544.384;90.561;0.029;0.051;1.916;13;2023-07-25;15:31:07
nor2-2757;245661.221;5182545.342;90.554;0.03;0.047;1.916;13;2023-07-25;15:31:08
nor2-2758;245660.546;5182546.257;90.506;0.031;0.051;1.924;13;2023-07-25;15:31:09
nor2-2759;245659.832;5182547.13;90.496;0.036;0.057;1.924;13;2023-07-25;15:31:10
nor2-2760;245659.036;5182548.102;90.517;0.035;0.052;1.924;12;2023-07-25;15:31:11
nor2-2761;245658.262;5182549.098;90.463;0.035;0.049;1.924;11;2023-07-25;15:31:12
nor2-2762;245657.561;5182549.989;90.466;0.039;0.052;1.992;10;2023-07-25;15:31:13
nor2-2763;245656.969;5182550.68;90.472;0.036;0.049;1.992;10;2023-07-25;15:31:14
nor2-2764;245656.599;5182551.188;90.432;0.033;0.047;1.905;12;2023-07-25;15:31:15
nor2-2765;245656.002;5182551.898;90.511;0.033;0.052;2.026;13;2023-07-25;15:31:17
nor2-2766;245655.633;5182552.297;90.494;0.035;0.054;2.026;13;2023-07-25;15:31:18
nor2-2767;245655.281;5182552.752;90.485;0.035;0.052;1.861;11;2023-07-25;15:31:19
nor2-2768;245654.421;5182553.791;90.459;0.042;0.06;1.821;13;2023-07-25;15:31:21
nor2-2769;245653.843;5182554.529;90.475;0.042;0.058;1.821;12;2023-07-25;15:31:22
nor2-2770;245653.263;5182555.179;90.394;0.031;0.046;2.004;12;2023-07-25;15:31:23
nor2-2771;245652.718;5182555.843;90.419;0.03;0.046;2.004;14;2023-07-25;15:31:24
nor2-2772;245652.096;5182556.605;90.424;0.028;0.045;1.779;15;2023-07-25;15:31:25
nor2-2773;245651.489;5182557.351;90.419;0.03;0.047;1.779;15;2023-07-25;15:31:26
nor2-2774;245650.809;5182558.146;90.439;0.025;0.04;1.779;15;2023-07-25;15:31:27
nor2-2775;245650.216;5182558.923;90.427;0.024;0.037;1.779;15;2023-07-25;15:31:28
nor2-2776;245649.6;5182559.66;90.411;0.022;0.034;1.779;15;2023-07-25;15:31:29
nor2-2777;245649.022;5182560.388;90.41;0.022;0.034;1.779;15;2023-07-25;15:31:30
nor2-2778;245648.451;5182561.1;90.402;0.02;0.031;1.779;14;2023-07-25;15:31:31
nor2-2779;245647.769;5182561.932;90.395;0.02;0.031;1.779;14;2023-07-25;15:31:32
nor2-2780;245646.999;5182562.811;90.397;0.02;0.031;1.822;13;2023-07-25;15:31:33
nor2-2781;245646.219;5182563.598;90.361;0.02;0.03;1.822;13;2023-07-25;15:31:34
nor2-2782;245645.394;5182564.444;90.319;0.025;0.037;1.994;13;2023-07-25;15:31:35
nor2-2783;245644.579;5182565.326;90.322;0.027;0.041;1.994;13;2023-07-25;15:31:36
nor2-2784;245643.878;5182566.073;90.287;0.03;0.046;1.861;13;2023-07-25;15:31:37
nor2-2785;245643.186;5182566.817;90.212;0.034;0.053;1.861;13;2023-07-25;15:31:38
nor2-2786;245642.394;5182567.683;90.248;0.028;0.043;1.78;14;2023-07-25;15:31:39
nor2-2787;245641.66;5182568.529;90.239;0.026;0.04;1.78;14;2023-07-25;15:31:40
nor2-2788;245640.907;5182569.353;90.2;0.022;0.033;1.78;14;2023-07-25;15:31:41
nor2-2789;245640.166;5182570.195;90.195;0.023;0.035;1.78;14;2023-07-25;15:31:42
nor2-2790;245639.447;5182571.03;90.2;0.022;0.033;1.78;15;2023-07-25;15:31:43
nor2-2791;245638.66;5182571.936;90.178;0.022;0.032;1.78;15;2023-07-25;15:31:44
nor2-2792;245637.852;5182572.904;90.171;0.022;0.031;1.781;15;2023-07-25;15:31:45
nor2-2793;245636.911;5182574.027;90.164;0.021;0.031;1.781;14;2023-07-25;15:31:46
nor2-2794;245636.031;5182575.077;90.158;0.021;0.03;1.781;13;2023-07-25;15:31:47
nor2-2795;245635.153;5182576.126;90.153;0.019;0.028;1.781;14;2023-07-25;15:31:48
nor2-2796;245634.239;5182577.232;90.124;0.017;0.024;1.567;14;2023-07-25;15:31:49
nor2-2797;245633.351;5182578.105;90.119;0.016;0.024;1.567;15;2023-07-25;15:31:50
nor2-2798;245632.368;5182578.76;90.082;0.017;0.026;1.431;17;2023-07-25;15:31:51
nor2-2799;245631.363;5182579.134;90.065;0.016;0.024;1.431;17;2023-07-25;15:31:52
nor2-2800;245630.292;5182579.129;90.044;0.013;0.02;1.431;17;2023-07-25;15:31:53
nor2-2801;245629.384;5182578.528;90.039;0.013;0.019;1.431;17;2023-07-25;15:31:54
nor2-2802;245628.849;5182577.528;90.028;0.013;0.019;1.431;17;2023-07-25;15:31:55
nor2-2803;245628.586;5182576.359;90.034;0.012;0.018;1.431;17;2023-07-25;15:31:56
nor2-2804;245628.396;5182574.93;90.005;0.012;0.018;1.431;17;2023-07-25;15:31:57
nor2-2805;245628.246;5182573.85;90.012;0.012;0.018;1.431;17;2023-07-25;15:31:58
nor2-2806;245628.127;5182573.074;90.01;0.012;0.019;1.431;17;2023-07-25;15:31:59
nor2-2807;245628.094;5182572.614;90.005;0.013;0.02;1.431;17;2023-07-25;15:32:00
nor2-2808;245628.08;5182572.676;90.013;0.012;0.019;1.432;17;2023-07-25;15:32:01
nor2-2809;245628.085;5182572.664;90.019;0.011;0.017;1.432;17;2023-07-25;15:32:02
nor2-2810;245628.086;5182572.667;90.017;0.012;0.018;1.432;17;2023-07-25;15:32:03
nor2-2811;245628.082;5182572.667;90.022;0.011;0.018;1.432;17;2023-07-25;15:32:04
nor2-2812;245628.083;5182572.667;90.015;0.012;0.019;1.432;17;2023-07-25;15:32:05
nor2-2813;245628.082;5182572.664;90.012;0.012;0.019;1.432;17;2023-07-25;15:32:06
nor2-2814;245628.083;5182572.663;90.011;0.012;0.02;1.432;17;2023-07-25;15:32:07
nor2-2815;245628.081;5182572.665;90.011;0.013;0.02;1.432;17;2023-07-25;15:32:08
nor2-2816;245628.083;5182572.666;90.024;0.013;0.022;1.432;16;2023-07-25;15:32:09
nor2-2817;245628.082;5182572.667;90.029;0.013;0.022;1.432;16;2023-07-25;15:32:10
nor2-2818;245628.082;5182572.667;90.026;0.014;0.023;1.543;16;2023-07-25;15:32:11
nor2-2819;245628.076;5182572.625;90.032;0.014;0.023;1.543;16;2023-07-25;15:32:12
nor2-2820;245628.061;5182572.471;90.021;0.015;0.024;1.543;16;2023-07-25;15:32:13
nor2-2821;245627.958;5182571.903;90.02;0.014;0.024;1.543;17;2023-07-25;15:32:14
nor2-2822;245627.857;5182571.505;90.021;0.014;0.023;1.543;16;2023-07-25;15:32:15
nor2-2823;245627.727;5182571.005;90.021;0.014;0.023;1.543;16;2023-07-25;15:32:16
nor2-2824;245627.503;5182570.161;90.018;0.014;0.023;1.433;16;2023-07-25;15:32:17
nor2-2825;245627.147;5182569.089;90.022;0.014;0.023;1.433;16;2023-07-25;15:32:18
nor2-2826;245626.697;5182568.047;90.019;0.013;0.022;1.433;17;2023-07-25;15:32:19
nor2-2827;245626.156;5182567.023;90.024;0.014;0.023;1.433;17;2023-07-25;15:32:20
nor2-2828;245625.617;5182565.923;90.023;0.013;0.021;1.433;17;2023-07-25;15:32:21
nor2-2829;245625.108;5182564.779;90.024;0.013;0.022;1.433;17;2023-07-25;15:32:22
nor2-2830;245624.648;5182563.689;90.018;0.013;0.021;1.433;17;2023-07-25;15:32:23
nor2-2831;245624.193;5182562.557;90.04;0.013;0.021;1.433;17;2023-07-25;15:32:24
nor2-2832;245623.745;5182561.451;90.071;0.013;0.02;1.433;17;2023-07-25;15:32:25
nor2-2833;245623.264;5182560.158;90.065;0.013;0.02;1.433;17;2023-07-25;15:32:26
nor2-2834;245622.749;5182558.947;90.106;0.013;0.02;1.433;17;2023-07-25;15:32:27
nor2-2835;245622.165;5182557.661;90.12;0.013;0.02;1.433;17;2023-07-25;15:32:28
nor2-2836;245621.538;5182556.39;90.115;0.012;0.02;1.433;17;2023-07-25;15:32:29
nor2-2837;245621.021;5182555.194;90.13;0.012;0.02;1.433;17;2023-07-25;15:32:30
nor2-2838;245620.479;5182553.906;90.18;0.012;0.02;1.434;17;2023-07-25;15:32:31
nor2-2839;245619.913;5182552.513;90.201;0.012;0.02;1.434;17;2023-07-25;15:32:32
nor2-2840;245619.366;5182551.141;90.223;0.012;0.019;1.434;17;2023-07-25;15:32:33
nor2-2841;245618.805;5182549.756;90.2;0.012;0.02;1.434;17;2023-07-25;15:32:34
nor2-2842;245618.264;5182548.404;90.186;0.013;0.02;1.434;16;2023-07-25;15:32:35
nor2-2843;245617.723;5182547.074;90.174;0.013;0.02;1.434;17;2023-07-25;15:32:36
nor2-2844;245617.169;5182545.777;90.157;0.013;0.02;1.352;17;2023-07-25;15:32:37
nor2-2845;245616.646;5182544.475;90.127;0.014;0.022;1.352;17;2023-07-25;15:32:38
nor2-2846;245616.141;5182543.239;90.094;0.014;0.022;1.434;17;2023-07-25;15:32:39
nor2-2847;245615.744;5182542.059;90.095;0.018;0.028;1.434;16;2023-07-25;15:32:40
nor2-2848;245615.486;5182540.888;90.081;0.018;0.03;1.434;16;2023-07-25;15:32:41
nor2-2849;245615.291;5182539.61;90.052;0.038;0.062;1.434;14;2023-07-25;15:32:42
nor2-2850;245615.14;5182538.343;89.98;0.021;0.033;1.627;14;2023-07-25;15:32:43
nor2-2851;245615.044;5182537.134;90.002;0.023;0.035;1.627;15;2023-07-25;15:32:44
nor2-2852;245614.913;5182536.023;90.035;0.018;0.028;1.488;16;2023-07-25;15:32:45
nor2-2853;245614.801;5182534.723;90.043;0.018;0.029;1.614;15;2023-07-25;15:32:46
nor2-2854;245614.821;5182533.555;90.063;0.02;0.033;1.488;15;2023-07-25;15:32:47
nor2-2855;245615.082;5182532.343;90.08;0.021;0.035;1.488;15;2023-07-25;15:32:48
nor2-2856;245615.596;5182531.229;90.135;0.026;0.043;1.614;14;2023-07-25;15:32:49
nor2-2857;245616.229;5182530.133;90.094;0.033;0.057;1.614;14;2023-07-25;15:32:50
nor2-2858;245616.991;5182529.162;90.122;0.022;0.035;2.031;13;2023-07-25;15:32:51
nor2-2859;245617.862;5182528.204;90.182;0.035;0.061;1.683;13;2023-07-25;15:32:52
nor2-2860;245618.637;5182527.269;90.078;0.025;0.038;1.722;13;2023-07-25;15:32:53
nor2-2861;245619.326;5182526.504;90.193;0.031;0.053;1.722;13;2023-07-25;15:32:54
nor2-2862;245620.107;5182525.542;90.191;0.038;0.063;1.722;13;2023-07-25;15:32:55
nor2-2863;245623.548;5182521.026;90.14;0.03;0.041;2.032;13;2023-07-25;15:33:00
nor2-2864;245624.179;5182520.261;90.181;0.03;0.042;1.705;13;2023-07-25;15:33:01
nor2-2865;245624.798;5182519.464;90.174;0.032;0.052;1.705;12;2023-07-25;15:33:02
nor2-2866;245625.353;5182518.728;90.149;0.032;0.05;1.915;13;2023-07-25;15:33:03
nor2-2867;245625.986;5182517.898;90.15;0.03;0.05;1.915;13;2023-07-25;15:33:04
nor2-2868;245626.664;5182517.046;90.25;0.027;0.041;2.921;14;2023-07-25;15:33:05
nor2-2869;245627.35;5182516.169;90.275;0.025;0.037;2.921;15;2023-07-25;15:33:06
nor2-2870;245628.02;5182515.258;90.256;0.031;0.046;1.682;14;2023-07-25;15:33:07
nor2-2871;245628.633;5182514.302;90.163;0.035;0.061;1.682;13;2023-07-25;15:33:08
nor2-2872;245629.217;5182513.352;90.139;0.041;0.069;1.682;13;2023-07-25;15:33:09
nor2-2873;245630.373;5182498.419;90.412;0.029;0.045;2.088;10;2023-07-25;15:33:23
nor2-2874;245629.978;5182497.392;90.376;0.041;0.067;2.088;9;2023-07-25;15:33:24
nor2-2875;245629.709;5182496.339;90.411;0.035;0.059;2.002;9;2023-07-25;15:33:25
nor2-2876;245629.535;5182495.032;90.474;0.033;0.055;2.002;12;2023-07-25;15:33:26
nor2-2877;245629.422;5182493.867;90.502;0.027;0.047;1.912;12;2023-07-25;15:33:27
nor2-2878;245629.382;5182492.482;90.497;0.023;0.041;1.912;12;2023-07-25;15:33:28
nor2-2879;245629.474;5182491.094;90.51;0.021;0.037;2.325;13;2023-07-25;15:33:29
nor2-2880;245629.648;5182489.793;90.517;0.024;0.041;2.325;12;2023-07-25;15:33:30
nor2-2881;245629.82;5182488.993;90.527;0.023;0.039;2.376;13;2023-07-25;15:33:31
nor2-2882;245629.796;5182489.042;90.52;0.021;0.037;2.376;14;2023-07-25;15:33:32
nor2-2883;245629.791;5182489.031;90.515;0.021;0.036;1.954;14;2023-07-25;15:33:33
nor2-2884;245629.791;5182489.035;90.527;0.021;0.034;1.954;14;2023-07-25;15:33:34
nor2-2885;245629.802;5182489.032;90.536;0.022;0.038;1.954;14;2023-07-25;15:33:35
nor2-2886;245629.795;5182489.033;90.521;0.023;0.038;1.954;13;2023-07-25;15:33:36
nor2-2887;245629.799;5182489.032;90.52;0.022;0.038;2.324;14;2023-07-25;15:33:37
nor2-2888;245629.795;5182489.027;90.515;0.022;0.038;2.324;14;2023-07-25;15:33:38
nor2-2889;245629.793;5182489.026;90.52;0.023;0.039;1.953;14;2023-07-25;15:33:39
nor2-2890;245629.796;5182489.013;90.534;0.022;0.039;1.953;14;2023-07-25;15:33:40
nor2-2891;245629.91;5182488.515;90.53;0.025;0.043;1.953;14;2023-07-25;15:33:41
nor2-2892;245630.092;5182487.913;90.509;0.031;0.053;1.953;13;2023-07-25;15:33:42
nor2-2893;245630.374;5182486.86;90.423;0.032;0.052;2.323;13;2023-07-25;15:33:43
nor2-2894;245630.7;5182486.028;90.463;0.034;0.055;2.323;12;2023-07-25;15:33:44
nor2-2895;245631.094;5182485.106;90.488;0.032;0.051;2.322;13;2023-07-25;15:33:45
nor2-2896;245631.428;5182484.571;90.425;0.04;0.064;2.322;13;2023-07-25;15:33:46
nor2-2897;245631.387;5182484.583;90.419;0.027;0.046;2.199;13;2023-07-25;15:33:49
nor2-2898;245631.384;5182484.581;90.424;0.028;0.047;2.146;14;2023-07-25;15:33:50
nor2-2899;245631.39;5182484.577;90.421;0.026;0.045;2.146;13;2023-07-25;15:33:51
nor2-2900;245631.542;5182484.306;90.428;0.025;0.041;2.146;13;2023-07-25;15:33:52
nor2-2901;245631.713;5182483.997;90.42;0.025;0.042;2.146;13;2023-07-25;15:33:53
nor2-2902;245631.702;5182484.019;90.412;0.026;0.043;2.146;13;2023-07-25;15:33:54
nor2-2903;245631.703;5182484.028;90.419;0.024;0.038;2.199;13;2023-07-25;15:33:55
nor2-2904;245631.704;5182484.023;90.416;0.023;0.038;2.199;13;2023-07-25;15:33:56
nor2-2905;245631.702;5182484.02;90.41;0.024;0.039;2.199;13;2023-07-25;15:33:57
nor2-2906;245631.701;5182484.021;90.413;0.024;0.039;2.199;14;2023-07-25;15:33:58
nor2-2907;245631.703;5182484.023;90.42;0.024;0.04;1.937;15;2023-07-25;15:33:59
nor2-2908;245631.705;5182484.022;90.414;0.024;0.04;1.937;15;2023-07-25;15:34:00
nor2-2909;245631.704;5182484.023;90.419;0.025;0.04;1.937;15;2023-07-25;15:34:01
nor2-2910;245631.702;5182484.016;90.419;0.025;0.041;1.937;16;2023-07-25;15:34:02
nor2-2911;245631.703;5182484.021;90.418;0.025;0.041;1.744;16;2023-07-25;15:34:03
nor2-2912;245631.703;5182484.019;90.419;0.025;0.041;1.9;15;2023-07-25;15:34:04
nor2-2913;245631.708;5182484;90.424;0.024;0.038;1.9;15;2023-07-25;15:34:05
nor2-2914;245631.957;5182483.598;90.508;0.026;0.04;1.744;15;2023-07-25;15:34:06
nor2-2915;245632.513;5182482.681;90.598;0.026;0.04;1.9;15;2023-07-25;15:34:07
nor2-2916;245633.266;5182481.427;90.597;0.027;0.042;1.9;14;2023-07-25;15:34:08
nor2-2917;245634;5182480.381;90.596;0.029;0.044;1.96;13;2023-07-25;15:34:09
nor2-2918;245634.639;5182479.545;90.607;0.034;0.051;1.96;12;2023-07-25;15:34:10
nor2-2919;245635.411;5182478.583;90.605;0.029;0.043;2.365;12;2023-07-25;15:34:11
nor2-2920;245636.13;5182477.805;90.584;0.031;0.047;2.365;14;2023-07-25;15:34:12
nor2-2921;245636.928;5182476.969;90.571;0.029;0.049;2.317;13;2023-07-25;15:34:13
nor2-2922;245637.375;5182476.421;90.544;0.031;0.053;1.951;13;2023-07-25;15:34:14
nor2-2923;245637.521;5182476.244;90.539;0.031;0.054;2.147;13;2023-07-25;15:34:15
nor2-2924;245637.528;5182476.237;90.533;0.028;0.05;2.147;13;2023-07-25;15:34:16
nor2-2925;245637.527;5182476.246;90.544;0.026;0.045;2.147;14;2023-07-25;15:34:17
nor2-2926;245637.527;5182476.246;90.548;0.023;0.041;2.147;14;2023-07-25;15:34:18
nor2-2927;245637.528;5182476.246;90.556;0.022;0.039;2.147;14;2023-07-25;15:34:19
nor2-2928;245637.61;5182476.148;90.561;0.022;0.039;2.147;15;2023-07-25;15:34:20
nor2-2929;245637.84;5182475.871;90.567;0.022;0.041;1.9;14;2023-07-25;15:34:21
nor2-2930;245638.074;5182475.623;90.572;0.022;0.041;1.9;14;2023-07-25;15:34:22
nor2-2931;245638.302;5182475.361;90.57;0.022;0.04;2.147;14;2023-07-25;15:34:23
nor2-2932;245638.344;5182475.299;90.582;0.022;0.04;2.147;14;2023-07-25;15:34:24
nor2-2933;245638.349;5182475.29;90.576;0.022;0.039;2.147;14;2023-07-25;15:34:25
nor2-2934;245638.348;5182475.291;90.577;0.022;0.039;2.147;15;2023-07-25;15:34:26
nor2-2935;245638.346;5182475.288;90.573;0.023;0.041;1.9;14;2023-07-25;15:34:27
nor2-2936;245638.343;5182475.286;90.573;0.023;0.04;1.9;15;2023-07-25;15:34:28
nor2-2937;245638.347;5182475.291;90.572;0.023;0.041;1.933;15;2023-07-25;15:34:29
nor2-2938;245638.35;5182475.29;90.573;0.023;0.041;1.933;15;2023-07-25;15:34:30
nor2-2939;245638.348;5182475.293;90.569;0.023;0.041;1.933;15;2023-07-25;15:34:31
nor2-2940;245638.347;5182475.291;90.574;0.023;0.041;1.933;15;2023-07-25;15:34:32
nor2-2941;245638.347;5182475.29;90.565;0.023;0.041;1.932;14;2023-07-25;15:34:33
nor2-2942;245638.343;5182475.291;90.573;0.023;0.041;1.932;14;2023-07-25;15:34:34
nor2-2943;245638.806;5182474.725;90.572;0.024;0.042;2.147;14;2023-07-25;15:34:35
nor2-2944;245639.534;5182473.769;90.547;0.027;0.047;2.147;14;2023-07-25;15:34:36
nor2-2945;245640.225;5182472.608;90.56;0.026;0.045;2.147;14;2023-07-25;15:34:37
nor2-2946;245640.978;5182471.294;90.54;0.025;0.043;2.147;14;2023-07-25;15:34:38
nor2-2947;245641.662;5182470;90.553;0.027;0.045;2.147;14;2023-07-25;15:34:39
nor2-2948;245642.353;5182468.725;90.551;0.038;0.063;2.147;14;2023-07-25;15:34:40
nor2-2949;245643.058;5182467.445;90.583;0.04;0.068;2.147;14;2023-07-25;15:34:41
nor2-2950;245653.074;5182454.63;90.578;0.039;0.06;2.359;11;2023-07-25;15:34:53
nor2-2951;245653.808;5182453.563;90.568;0.037;0.054;2.359;10;2023-07-25;15:34:54
nor2-2952;245654.532;5182452.562;90.581;0.035;0.05;2.409;11;2023-07-25;15:34:55
nor2-2953;245655.219;5182451.591;90.546;0.031;0.044;2.409;11;2023-07-25;15:34:56
nor2-2954;245655.785;5182450.824;90.523;0.024;0.039;2.409;10;2023-07-25;15:34:57
nor2-2955;245656.535;5182449.843;90.533;0.022;0.036;2.409;10;2023-07-25;15:34:58
nor2-2956;245657.218;5182448.893;90.532;0.02;0.032;2.407;12;2023-07-25;15:34:59
nor2-2957;245657.975;5182447.815;90.537;0.021;0.039;2.407;12;2023-07-25;15:35:00
nor2-2958;245658.749;5182446.852;90.536;0.02;0.034;2.358;12;2023-07-25;15:35:01
nor2-2959;245659.485;5182445.937;90.545;0.022;0.033;2.358;12;2023-07-25;15:35:02
nor2-2960;245660.268;5182445.028;90.539;0.021;0.031;2.202;11;2023-07-25;15:35:03
nor2-2961;245661.117;5182444.031;90.549;0.022;0.032;2.202;11;2023-07-25;15:35:04
nor2-2962;245661.965;5182443.128;90.571;0.025;0.035;2.202;10;2023-07-25;15:35:05
nor2-2963;245662.772;5182442.252;90.574;0.024;0.032;2.202;11;2023-07-25;15:35:06
nor2-2964;245663.61;5182441.388;90.59;0.022;0.03;2.368;11;2023-07-25;15:35:07
nor2-2965;245664.456;5182440.451;90.572;0.022;0.03;2.368;12;2023-07-25;15:35:08
nor2-2966;245665.292;5182439.476;90.599;0.021;0.034;2.407;12;2023-07-25;15:35:09
nor2-2967;245666.173;5182438.617;90.637;0.024;0.037;2.407;12;2023-07-25;15:35:10
nor2-2968;245666.931;5182437.899;90.615;0.032;0.051;2.181;11;2023-07-25;15:35:11
nor2-2969;245667.603;5182437.117;90.614;0.031;0.049;2.181;11;2023-07-25;15:35:12
nor2-2970;245671.511;5182432.827;90.554;0.039;0.071;1.945;14;2023-07-25;15:35:17
nor2-2971;245672.361;5182432.032;90.582;0.032;0.048;1.945;13;2023-07-25;15:35:18
nor2-2972;245673.153;5182431.327;90.547;0.029;0.045;1.945;12;2023-07-25;15:35:19
nor2-2973;245673.897;5182430.608;90.534;0.028;0.043;1.945;12;2023-07-25;15:35:20
nor2-2974;245674.695;5182429.753;90.503;0.025;0.038;2.2;12;2023-07-25;15:35:21
nor2-2975;245675.475;5182428.876;90.503;0.025;0.038;2.2;13;2023-07-25;15:35:22
nor2-2976;245676.281;5182427.943;90.453;0.023;0.034;1.937;13;2023-07-25;15:35:23
nor2-2977;245676.96;5182427.086;90.502;0.024;0.035;1.937;13;2023-07-25;15:35:24
nor2-2978;245677.601;5182426.257;90.52;0.023;0.034;1.936;14;2023-07-25;15:35:25
nor2-2979;245678.304;5182425.376;90.5;0.024;0.036;1.936;14;2023-07-25;15:35:26
nor2-2980;245678.944;5182424.568;90.524;0.021;0.034;1.936;14;2023-07-25;15:35:27
nor2-2981;245679.571;5182423.791;90.534;0.026;0.041;1.936;14;2023-07-25;15:35:28
nor2-2982;245680.177;5182423.006;90.566;0.022;0.037;1.898;14;2023-07-25;15:35:29
nor2-2983;245680.79;5182422.14;90.548;0.023;0.039;1.898;14;2023-07-25;15:35:30
nor2-2984;245681.362;5182421.35;90.541;0.025;0.043;1.898;14;2023-07-25;15:35:31
nor2-2985;245681.923;5182420.602;90.566;0.031;0.054;1.898;14;2023-07-25;15:35:32
nor2-2986;245682.473;5182419.782;90.541;0.024;0.036;1.898;15;2023-07-25;15:35:33
nor2-2987;245682.99;5182418.954;90.533;0.025;0.036;1.898;14;2023-07-25;15:35:34
nor2-2988;245683.578;5182418.086;90.519;0.026;0.037;1.898;13;2023-07-25;15:35:35
nor2-2989;245684.309;5182417.141;90.522;0.036;0.052;1.898;13;2023-07-25;15:35:36
nor2-2990;245685.12;5182416.281;90.52;0.033;0.047;1.936;13;2023-07-25;15:35:37
nor2-2991;245685.949;5182415.37;90.539;0.032;0.046;1.936;13;2023-07-25;15:35:38
nor2-2992;245686.762;5182414.46;90.531;0.033;0.047;1.935;13;2023-07-25;15:35:39
nor2-2993;245687.586;5182413.536;90.558;0.03;0.043;1.935;13;2023-07-25;15:35:40
nor2-2994;245688.376;5182412.594;90.569;0.03;0.042;1.935;13;2023-07-25;15:35:41
nor2-2995;245689.16;5182411.567;90.558;0.028;0.04;1.935;15;2023-07-25;15:35:42
nor2-2996;245689.849;5182410.633;90.565;0.026;0.038;1.898;15;2023-07-25;15:35:43
nor2-2997;245690.586;5182409.722;90.612;0.028;0.039;1.898;15;2023-07-25;15:35:44
nor2-2998;245691.201;5182408.881;90.61;0.027;0.042;1.898;13;2023-07-25;15:35:45
nor2-2999;245691.996;5182407.899;90.626;0.033;0.049;1.898;12;2023-07-25;15:35:46
nor2-3000;245692.812;5182406.919;90.6;0.027;0.04;1.959;12;2023-07-25;15:35:47
nor2-3001;245693.644;5182405.98;90.601;0.037;0.06;1.959;11;2023-07-25;15:35:48
nor2-3002;245695.335;5182403.961;90.597;0.029;0.039;2.399;12;2023-07-25;15:35:50
nor2-3003;245696.062;5182402.988;90.586;0.028;0.037;2;12;2023-07-25;15:35:51
nor2-3004;245696.722;5182402.087;90.589;0.027;0.034;2;13;2023-07-25;15:35:52
nor2-3005;245697.42;5182401.249;90.58;0.022;0.036;1.959;12;2023-07-25;15:35:53
nor2-3006;245698.202;5182400.267;90.564;0.021;0.034;1.959;13;2023-07-25;15:35:54
nor2-3007;245698.917;5182399.381;90.556;0.02;0.032;2.149;14;2023-07-25;15:35:55
nor2-3008;245699.644;5182398.515;90.558;0.021;0.033;2.149;14;2023-07-25;15:35:56
nor2-3009;245700.398;5182397.59;90.547;0.019;0.03;2.149;14;2023-07-25;15:35:57
nor2-3010;245701.167;5182396.673;90.517;0.02;0.031;2.149;14;2023-07-25;15:35:58
nor2-3011;245701.857;5182395.816;90.532;0.02;0.033;2.149;14;2023-07-25;15:35:59
nor2-3012;245702.689;5182394.893;90.529;0.019;0.031;2.149;14;2023-07-25;15:36:00
nor2-3013;245703.486;5182394.091;90.53;0.02;0.032;2.149;15;2023-07-25;15:36:01
nor2-3014;245704.267;5182393.221;90.569;0.02;0.033;2.149;15;2023-07-25;15:36:02
nor2-3015;245705.036;5182392.255;90.53;0.023;0.037;1.692;15;2023-07-25;15:36:03
nor2-3016;245705.739;5182391.357;90.567;0.02;0.031;1.692;15;2023-07-25;15:36:04
nor2-3017;245706.481;5182390.355;90.513;0.018;0.027;1.693;15;2023-07-25;15:36:05
nor2-3018;245707.094;5182389.409;90.523;0.018;0.028;1.693;15;2023-07-25;15:36:06
nor2-3019;245707.864;5182388.41;90.543;0.019;0.03;1.693;15;2023-07-25;15:36:07
nor2-3020;245708.636;5182387.504;90.562;0.021;0.033;1.693;16;2023-07-25;15:36:08
nor2-3021;245709.401;5182386.723;90.557;0.021;0.032;1.624;16;2023-07-25;15:36:09
nor2-3022;245710.063;5182386.027;90.568;0.019;0.029;1.624;16;2023-07-25;15:36:10
nor2-3023;245710.803;5182385.34;90.622;0.02;0.03;1.625;16;2023-07-25;15:36:11
nor2-3024;245711.64;5182384.526;90.623;0.019;0.027;1.625;16;2023-07-25;15:36:12
nor2-3025;245712.419;5182383.706;90.632;0.017;0.024;1.625;15;2023-07-25;15:36:13
nor2-3026;245713.13;5182382.957;90.673;0.018;0.024;1.625;16;2023-07-25;15:36:14
nor2-3027;245713.876;5182382.156;90.662;0.02;0.027;1.625;15;2023-07-25;15:36:15
nor2-3028;245714.627;5182381.352;90.668;0.019;0.026;1.625;14;2023-07-25;15:36:16
nor2-3029;245715.288;5182380.58;90.647;0.017;0.024;1.715;14;2023-07-25;15:36:17
nor2-3030;245716.028;5182379.84;90.64;0.019;0.025;1.715;14;2023-07-25;15:36:18
nor2-3031;245716.837;5182379.237;90.639;0.021;0.028;1.715;14;2023-07-25;15:36:19
nor2-3032;245717.67;5182378.688;90.631;0.024;0.027;1.715;14;2023-07-25;15:36:20
nor2-3033;245718.589;5182378.305;90.625;0.033;0.027;1.692;13;2023-07-25;15:36:21
nor2-3034;245719.749;5182378.048;90.611;0.028;0.025;1.692;14;2023-07-25;15:36:22
nor2-3035;245720.816;5182377.889;90.615;0.019;0.025;1.645;15;2023-07-25;15:36:23
nor2-3036;245721.881;5182377.807;90.595;0.017;0.022;1.645;17;2023-07-25;15:36:24
nor2-3037;245723.065;5182377.779;90.561;0.018;0.026;1.447;17;2023-07-25;15:36:25
nor2-3038;245724.238;5182377.776;90.513;0.018;0.027;1.447;17;2023-07-25;15:36:26
nor2-3039;245725.489;5182377.73;90.464;0.019;0.03;1.367;16;2023-07-25;15:36:27
nor2-3040;245726.587;5182377.712;90.445;0.019;0.029;1.367;16;2023-07-25;15:36:28
nor2-3041;245727.695;5182377.698;90.424;0.018;0.028;1.558;15;2023-07-25;15:36:29
nor2-3042;245728.832;5182377.84;90.396;0.026;0.039;1.558;16;2023-07-25;15:36:30
nor2-3043;245730.014;5182378.14;90.375;0.039;0.06;1.326;15;2023-07-25;15:36:31
nor2-3044;245731.184;5182378.5;90.397;0.035;0.053;1.326;14;2023-07-25;15:36:32
nor2-3045;245732.073;5182378.984;90.409;0.038;0.055;1.474;12;2023-07-25;15:36:33
nor2-3046;245732.901;5182379.575;90.417;0.033;0.048;1.474;14;2023-07-25;15:36:34
nor2-3047;245733.56;5182380.239;90.563;0.023;0.032;1.474;15;2023-07-25;15:36:35
nor2-3048;245734.017;5182381.088;90.676;0.019;0.027;1.474;15;2023-07-25;15:36:36
nor2-3049;245734.372;5182382.102;90.663;0.02;0.028;1.608;16;2023-07-25;15:36:37
nor2-3050;245734.404;5182383.116;90.68;0.023;0.035;1.608;15;2023-07-25;15:36:38
nor2-3051;245734.19;5182383.965;90.655;0.019;0.03;1.411;16;2023-07-25;15:36:39
nor2-3052;245733.771;5182384.722;90.646;0.02;0.031;1.411;16;2023-07-25;15:36:40
nor2-3053;245733.184;5182385.454;90.642;0.023;0.034;1.487;16;2023-07-25;15:36:41
nor2-3054;245732.537;5182386.082;90.606;0.02;0.031;1.487;17;2023-07-25;15:36:42
nor2-3055;245731.786;5182386.8;90.606;0.021;0.034;1.367;16;2023-07-25;15:36:43
nor2-3056;245730.942;5182387.682;90.605;0.022;0.036;1.367;16;2023-07-25;15:36:44
nor2-3057;245730.169;5182388.534;90.595;0.02;0.031;1.368;16;2023-07-25;15:36:45
nor2-3058;245729.488;5182389.303;90.605;0.019;0.03;1.368;15;2023-07-25;15:36:46
nor2-3059;245728.833;5182390.05;90.592;0.018;0.029;1.502;14;2023-07-25;15:36:47
nor2-3060;245728.115;5182390.9;90.592;0.018;0.029;1.502;14;2023-07-25;15:36:48
nor2-3061;245727.422;5182391.716;90.57;0.019;0.031;1.45;14;2023-07-25;15:36:49
nor2-3062;245726.801;5182392.467;90.574;0.021;0.034;1.45;16;2023-07-25;15:36:50
nor2-3063;245726.404;5182392.939;90.574;0.018;0.029;1.319;19;2023-07-25;15:36:51
nor2-3064;245726.404;5182392.937;90.591;0.017;0.027;1.319;19;2023-07-25;15:36:52
nor2-3065;245726.408;5182392.924;90.579;0.015;0.023;1.319;19;2023-07-25;15:36:53
nor2-3066;245726.406;5182392.927;90.577;0.015;0.024;1.319;19;2023-07-25;15:36:54
nor2-3067;245726.411;5182392.926;90.578;0.015;0.024;1.319;19;2023-07-25;15:36:55
nor2-3068;245726.413;5182392.928;90.564;0.015;0.024;1.319;19;2023-07-25;15:36:56
nor2-3069;245726.415;5182392.927;90.572;0.015;0.024;1.319;19;2023-07-25;15:36:57
nor2-3070;245726.415;5182392.922;90.577;0.014;0.022;1.319;19;2023-07-25;15:36:58
nor2-3071;245726.416;5182392.916;90.569;0.013;0.022;1.32;19;2023-07-25;15:36:59
nor2-3072;245726.413;5182392.923;90.568;0.013;0.022;1.32;19;2023-07-25;15:37:00
nor2-3073;245726.411;5182392.921;90.577;0.014;0.022;1.32;19;2023-07-25;15:37:01
nor2-3074;245726.414;5182392.921;90.573;0.013;0.022;1.32;19;2023-07-25;15:37:02
nor2-3075;245726.413;5182392.92;90.576;0.014;0.022;1.32;19;2023-07-25;15:37:03
nor2-3076;245726.41;5182392.916;90.583;0.014;0.022;1.32;19;2023-07-25;15:37:04
nor2-3077;245726.002;5182393.421;90.569;0.015;0.024;1.32;19;2023-07-25;15:37:05
nor2-3078;245725.363;5182394.173;90.557;0.014;0.024;1.32;19;2023-07-25;15:37:06
nor2-3079;245724.651;5182395.044;90.558;0.014;0.024;1.32;19;2023-07-25;15:37:07
nor2-3080;245723.891;5182395.978;90.565;0.014;0.023;1.32;19;2023-07-25;15:37:08
nor2-3081;245723.158;5182396.911;90.548;0.014;0.023;1.321;19;2023-07-25;15:37:09
nor2-3082;245722.466;5182397.829;90.559;0.014;0.023;1.321;19;2023-07-25;15:37:10
nor2-3083;245721.716;5182398.867;90.559;0.015;0.024;1.321;19;2023-07-25;15:37:11
nor2-3084;245720.861;5182400.061;90.548;0.014;0.024;1.321;19;2023-07-25;15:37:12
nor2-3085;245719.953;5182401.247;90.535;0.014;0.023;1.321;19;2023-07-25;15:37:13
nor2-3086;245719.049;5182402.397;90.548;0.015;0.025;1.321;19;2023-07-25;15:37:14
nor2-3087;245718.117;5182403.539;90.565;0.015;0.025;1.321;19;2023-07-25;15:37:15
nor2-3088;245717.194;5182404.687;90.574;0.02;0.033;1.321;19;2023-07-25;15:37:16
nor2-3089;245716.258;5182405.844;90.554;0.021;0.035;1.321;19;2023-07-25;15:37:17
nor2-3090;245715.33;5182406.976;90.572;0.02;0.034;1.321;17;2023-07-25;15:37:18
nor2-3091;245714.399;5182408.111;90.563;0.02;0.033;1.373;16;2023-07-25;15:37:19
nor2-3092;245713.464;5182409.244;90.565;0.018;0.03;1.373;16;2023-07-25;15:37:20
nor2-3093;245712.527;5182410.391;90.558;0.016;0.026;1.426;18;2023-07-25;15:37:21
nor2-3094;245711.591;5182411.525;90.549;0.015;0.024;1.426;17;2023-07-25;15:37:22
nor2-3095;245710.664;5182412.685;90.558;0.014;0.022;1.427;17;2023-07-25;15:37:23
nor2-3096;245709.745;5182413.833;90.543;0.014;0.022;1.427;17;2023-07-25;15:37:24
nor2-3097;245708.819;5182414.978;90.555;0.013;0.021;1.427;17;2023-07-25;15:37:25
nor2-3098;245707.91;5182416.129;90.543;0.015;0.024;1.427;18;2023-07-25;15:37:26
nor2-3099;245707.013;5182417.288;90.528;0.016;0.025;1.381;18;2023-07-25;15:37:27
nor2-3100;245706.11;5182418.458;90.534;0.015;0.025;1.381;16;2023-07-25;15:37:28
nor2-3101;245705.231;5182419.617;90.544;0.013;0.022;1.505;16;2023-07-25;15:37:29
nor2-3102;245704.353;5182420.796;90.544;0.014;0.022;1.505;16;2023-07-25;15:37:30
nor2-3103;245703.473;5182421.978;90.531;0.014;0.024;1.505;16;2023-07-25;15:37:31
nor2-3104;245702.571;5182423.156;90.53;0.014;0.023;1.505;18;2023-07-25;15:37:32
nor2-3105;245701.687;5182424.324;90.52;0.013;0.021;1.375;19;2023-07-25;15:37:33
nor2-3106;245700.831;5182425.436;90.496;0.014;0.021;1.375;19;2023-07-25;15:37:34
nor2-3107;245700.038;5182426.483;90.511;0.016;0.025;1.323;19;2023-07-25;15:37:35
nor2-3108;245699.303;5182427.412;90.464;0.017;0.027;1.323;19;2023-07-25;15:37:36
nor2-3109;245698.578;5182428.366;90.454;0.018;0.028;1.367;18;2023-07-25;15:37:37
nor2-3110;245697.868;5182429.29;90.471;0.018;0.029;1.323;18;2023-07-25;15:37:38
nor2-3111;245697.153;5182430.239;90.462;0.018;0.029;1.367;18;2023-07-25;15:37:39
nor2-3112;245696.438;5182431.162;90.47;0.025;0.043;1.367;17;2023-07-25;15:37:40
nor2-3113;245695.736;5182432.068;90.423;0.018;0.028;1.455;16;2023-07-25;15:37:41
nor2-3114;245695.027;5182432.948;90.423;0.02;0.031;1.455;16;2023-07-25;15:37:42
nor2-3115;245694.326;5182433.855;90.439;0.019;0.03;1.455;15;2023-07-25;15:37:43
nor2-3116;245693.611;5182434.749;90.444;0.02;0.032;1.455;17;2023-07-25;15:37:44
nor2-3117;245692.927;5182435.613;90.424;0.018;0.029;1.424;16;2023-07-25;15:37:45
nor2-3118;245692.238;5182436.486;90.423;0.017;0.026;1.424;17;2023-07-25;15:37:46
nor2-3119;245691.492;5182437.448;90.418;0.016;0.025;1.459;17;2023-07-25;15:37:47
nor2-3120;245690.725;5182438.428;90.43;0.018;0.029;1.459;16;2023-07-25;15:37:48
nor2-3121;245689.959;5182439.412;90.41;0.017;0.029;1.592;16;2023-07-25;15:37:49
nor2-3122;245689.249;5182440.303;90.415;0.02;0.033;1.592;16;2023-07-25;15:37:50
nor2-3123;245688.561;5182441.214;90.423;0.019;0.032;1.417;16;2023-07-25;15:37:51
nor2-3124;245687.867;5182442.105;90.411;0.022;0.037;1.417;15;2023-07-25;15:37:52
nor2-3125;245687.186;5182442.963;90.413;0.02;0.034;1.665;15;2023-07-25;15:37:53
nor2-3126;245686.491;5182443.816;90.368;0.02;0.034;1.665;15;2023-07-25;15:37:54
nor2-3127;245685.783;5182444.71;90.352;0.022;0.036;1.511;16;2023-07-25;15:37:55
nor2-3128;245685.012;5182445.609;90.383;0.024;0.036;1.511;14;2023-07-25;15:37:56
nor2-3129;245684.287;5182446.512;90.36;0.036;0.052;1.512;13;2023-07-25;15:37:57
nor2-3130;245683.536;5182447.426;90.361;0.039;0.059;1.512;13;2023-07-25;15:37:58
nor2-3131;245682.807;5182448.316;90.368;0.018;0.028;1.88;13;2023-07-25;15:37:59
nor2-3132;245682.013;5182449.267;90.344;0.019;0.03;1.6;13;2023-07-25;15:38:00
nor2-3133;245681.176;5182450.266;90.323;0.017;0.028;1.601;15;2023-07-25;15:38:01
nor2-3134;245680.448;5182451.286;90.358;0.017;0.027;1.601;16;2023-07-25;15:38:02
nor2-3135;245679.635;5182452.402;90.32;0.021;0.033;1.369;16;2023-07-25;15:38:03
nor2-3136;245678.932;5182453.476;90.28;0.019;0.031;1.369;16;2023-07-25;15:38:04
nor2-3137;245678.33;5182454.43;90.288;0.021;0.033;1.418;16;2023-07-25;15:38:05
nor2-3138;245677.668;5182455.425;90.288;0.025;0.037;1.418;16;2023-07-25;15:38:06
nor2-3139;245677.066;5182456.252;90.26;0.021;0.033;1.512;16;2023-07-25;15:38:07
nor2-3140;245676.895;5182456.546;90.235;0.024;0.036;1.512;16;2023-07-25;15:38:08
nor2-3141;245676.893;5182456.568;90.252;0.016;0.026;1.513;16;2023-07-25;15:38:09
nor2-3142;245676.883;5182456.57;90.248;0.016;0.026;1.513;16;2023-07-25;15:38:10
nor2-3143;245676.881;5182456.566;90.245;0.016;0.025;1.513;16;2023-07-25;15:38:11
nor2-3144;245676.879;5182456.568;90.247;0.016;0.025;1.513;17;2023-07-25;15:38:12
nor2-3145;245676.83;5182456.629;90.244;0.017;0.027;1.419;17;2023-07-25;15:38:13
nor2-3146;245676.288;5182457.404;90.21;0.019;0.03;1.419;18;2023-07-25;15:38:14
nor2-3147;245675.661;5182458.343;90.222;0.025;0.038;1.327;17;2023-07-25;15:38:15
nor2-3148;245674.775;5182459.335;90.209;0.029;0.045;1.327;14;2023-07-25;15:38:16
nor2-3149;245674.066;5182460.162;90.255;0.037;0.051;1.581;12;2023-07-25;15:38:17
nor2-3150;245673.451;5182460.784;90.238;0.04;0.056;1.581;13;2023-07-25;15:38:18
nor2-3151;245672.792;5182461.572;90.245;0.035;0.06;1.882;12;2023-07-25;15:38:19
nor2-3152;245672.093;5182462.363;90.261;0.034;0.059;1.882;13;2023-07-25;15:38:20
nor2-3153;245671.404;5182463.175;90.266;0.032;0.056;1.699;15;2023-07-25;15:38:21
nor2-3154;245670.691;5182464.002;90.242;0.029;0.051;1.699;15;2023-07-25;15:38:22
nor2-3155;245669.956;5182464.856;90.269;0.025;0.039;1.514;16;2023-07-25;15:38:23
nor2-3156;245669.33;5182465.583;90.249;0.027;0.042;1.699;16;2023-07-25;15:38:24
nor2-3157;245668.655;5182466.36;90.227;0.022;0.038;1.514;16;2023-07-25;15:38:25
nor2-3158;245668.046;5182467.08;90.263;0.022;0.037;1.514;15;2023-07-25;15:38:26
nor2-3159;245667.474;5182467.754;90.24;0.022;0.037;1.514;15;2023-07-25;15:38:27
nor2-3160;245666.886;5182468.492;90.221;0.026;0.044;1.514;14;2023-07-25;15:38:28
nor2-3161;245666.189;5182469.34;90.195;0.041;0.063;1.881;14;2023-07-25;15:38:29
nor2-3162;245664.914;5182471.014;90.245;0.041;0.064;1.881;14;2023-07-25;15:38:31
nor2-3163;245663.539;5182472.844;90.238;0.03;0.045;1.797;13;2023-07-25;15:38:33
nor2-3164;245662.863;5182473.729;90.302;0.036;0.056;1.797;13;2023-07-25;15:38:34
nor2-3165;245662.176;5182474.678;90.204;0.035;0.062;1.798;12;2023-07-25;15:38:35
nor2-3166;245659.161;5182478.618;90.229;0.026;0.045;1.431;17;2023-07-25;15:38:39
nor2-3167;245658.252;5182479.747;90.22;0.025;0.043;1.431;17;2023-07-25;15:38:40
nor2-3168;245657.346;5182480.888;90.24;0.016;0.026;1.432;17;2023-07-25;15:38:41
nor2-3169;245656.445;5182482.014;90.231;0.018;0.029;1.432;17;2023-07-25;15:38:42
nor2-3170;245655.536;5182483.128;90.247;0.02;0.033;1.432;16;2023-07-25;15:38:43
nor2-3171;245654.626;5182484.252;90.25;0.021;0.034;1.432;15;2023-07-25;15:38:44
nor2-3172;245653.76;5182485.36;90.253;0.031;0.05;1.432;16;2023-07-25;15:38:45
nor2-3173;245653.181;5182486.375;90.247;0.04;0.053;1.432;13;2023-07-25;15:38:46
nor2-3174;245653.067;5182488.182;90.174;0.03;0.043;1.605;15;2023-07-25;15:38:48
nor2-3175;245653.464;5182489.242;90.147;0.031;0.045;1.504;15;2023-07-25;15:38:49
nor2-3176;245654.07;5182490.236;90.191;0.032;0.046;1.504;16;2023-07-25;15:38:50
nor2-3177;245654.874;5182491.355;90.174;0.026;0.044;1.598;16;2023-07-25;15:38:51
nor2-3178;245655.648;5182492.202;90.134;0.026;0.044;1.598;16;2023-07-25;15:38:52
nor2-3179;245656.465;5182493.064;90.206;0.023;0.04;1.517;15;2023-07-25;15:38:53
nor2-3180;245657.286;5182494.062;90.244;0.022;0.037;1.517;16;2023-07-25;15:38:54
nor2-3181;245658.053;5182495.158;90.212;0.018;0.031;1.458;17;2023-07-25;15:38:55
nor2-3182;245658.834;5182496.173;90.168;0.017;0.029;1.458;17;2023-07-25;15:38:56
nor2-3183;245659.545;5182497.044;90.225;0.015;0.024;1.458;17;2023-07-25;15:38:57
nor2-3184;245660.219;5182497.815;90.256;0.015;0.023;1.458;17;2023-07-25;15:38:58
nor2-3185;245660.678;5182498.357;90.255;0.014;0.022;1.458;17;2023-07-25;15:38:59
nor2-3186;245660.637;5182498.291;90.277;0.014;0.021;1.458;17;2023-07-25;15:39:00
nor2-3187;245660.651;5182498.314;90.267;0.013;0.021;1.458;17;2023-07-25;15:39:01
nor2-3188;245660.65;5182498.311;90.271;0.013;0.02;1.458;17;2023-07-25;15:39:02
nor2-3189;245660.652;5182498.313;90.265;0.014;0.022;1.458;17;2023-07-25;15:39:03
nor2-3190;245660.649;5182498.314;90.262;0.014;0.021;1.458;17;2023-07-25;15:39:04
nor2-3191;245660.65;5182498.309;90.264;0.014;0.022;1.459;17;2023-07-25;15:39:05
nor2-3192;245660.651;5182498.313;90.26;0.014;0.022;1.459;17;2023-07-25;15:39:06
nor2-3193;245660.65;5182498.311;90.264;0.014;0.023;1.459;17;2023-07-25;15:39:07
nor2-3194;245660.651;5182498.31;90.263;0.014;0.023;1.459;17;2023-07-25;15:39:08
nor2-3195;245660.653;5182498.314;90.259;0.014;0.023;1.459;17;2023-07-25;15:39:09
nor2-3196;245660.656;5182498.309;90.262;0.014;0.023;1.459;17;2023-07-25;15:39:10
nor2-3197;245660.65;5182498.308;90.262;0.014;0.023;1.459;17;2023-07-25;15:39:11
nor2-3198;245660.65;5182498.309;90.266;0.014;0.024;1.459;17;2023-07-25;15:39:12
nor2-3199;245660.65;5182498.308;90.26;0.014;0.024;1.459;17;2023-07-25;15:39:13
nor2-3200;245660.653;5182498.311;90.263;0.014;0.024;1.459;17;2023-07-25;15:39:14
nor2-3201;245660.652;5182498.309;90.267;0.014;0.024;1.459;17;2023-07-25;15:39:15
nor2-3202;245660.655;5182498.31;90.267;0.014;0.024;1.459;17;2023-07-25;15:39:16
nor2-3203;245660.653;5182498.309;90.265;0.014;0.025;1.459;17;2023-07-25;15:39:17
nor2-3204;245660.655;5182498.31;90.269;0.014;0.024;1.459;17;2023-07-25;15:39:18
nor2-3205;245660.655;5182498.312;90.269;0.014;0.024;1.459;17;2023-07-25;15:39:19
nor2-3206;245660.652;5182498.311;90.271;0.014;0.025;1.459;17;2023-07-25;15:39:20
nor2-3207;245660.651;5182498.309;90.271;0.015;0.025;1.46;17;2023-07-25;15:39:21
nor2-3208;245660.65;5182498.311;90.272;0.014;0.025;1.46;17;2023-07-25;15:39:22
nor2-3209;245660.649;5182498.312;90.274;0.015;0.025;1.46;17;2023-07-25;15:39:23
nor2-3210;245660.652;5182498.314;90.27;0.015;0.025;1.46;17;2023-07-25;15:39:24
nor2-3211;245660.653;5182498.313;90.265;0.015;0.026;1.46;17;2023-07-25;15:39:25
nor2-3212;245660.649;5182498.312;90.277;0.015;0.025;1.46;17;2023-07-25;15:39:26
nor2-3213;245660.652;5182498.306;90.265;0.015;0.026;1.46;17;2023-07-25;15:39:27
nor2-3214;245660.651;5182498.311;90.272;0.015;0.026;1.46;17;2023-07-25;15:39:28
nor2-3215;245660.652;5182498.31;90.27;0.015;0.026;1.46;17;2023-07-25;15:39:29
nor2-3216;245660.647;5182498.312;90.272;0.015;0.026;1.46;17;2023-07-25;15:39:30
nor2-3217;245660.648;5182498.307;90.27;0.015;0.026;1.46;17;2023-07-25;15:39:31
nor2-3218;245660.646;5182498.309;90.276;0.015;0.026;1.46;17;2023-07-25;15:39:32
nor2-3219;245660.649;5182498.308;90.27;0.015;0.027;1.46;17;2023-07-25;15:39:33
nor2-3220;245660.645;5182498.311;90.27;0.015;0.026;1.46;17;2023-07-25;15:39:34