Timestamp,X,Y,Z,qx,qy,qz,qw,PDOP,Sats
1690299663,245660.6418981675,5182498.102489711,89.72500596358742,0.012704634439874277,0.039337204349616864,-0.049584726032724714,0.9979140902712845,1.256,22.0
1690299664,245660.63963825788,5182498.101561529,90.79048466459487,0.0006517812419001708,0.999867759303218,-0.01623043851299178,-0.0007822741532056076,1.256,22.0
1690299665,245660.6409092715,5182498.105784746,89.72026750768283,0.01070603125496542,0.04154433213764844,-0.04735930318909539,0.9979561842903966,1.256,22.0
1690299666,245660.642294422,5182498.109300565,89.71782072803897,0.012763412506314324,0.04109502072129646,-0.04461915931271949,0.99807686337042,1.256,22.0
1690299667,245660.63942849942,5182498.107280063,89.71636331706516,0.013410725843513509,0.042694854787156615,-0.04824649442599842,0.9978324396323542,1.256,22.0
1690299668,245660.6371996717,5182498.108013463,90.78795921102582,0.0011993046605931824,0.999637608188642,-0.026863394863360195,-0.0012537861211009483,1.256,20.0
1690299669,245660.63888169982,5182498.1085563,89.71774645433202,0.011873512700619851,0.04236916512806524,-0.0448351787238184,0.9980248896151348,1.256,20.0
1690299670,245660.63991180973,5182498.105255823,90.78878418993152,0.0012846039761435365,0.9995091011336257,-0.03126391735939165,-0.0015729001943211242,1.256,20.0
1690299671,245660.6398934472,5182498.100525501,90.79432994846555,0.0008715021833013352,0.9997915163672947,-0.020375291089032573,-0.0010058811894128879,1.256,20.0
1690299672,245660.63998223632,5182498.105057193,89.71935420550611,0.007512397649493878,0.04421366039238126,-0.04584478745710914,0.9979413668043207,1.256,20.0
1690299673,245660.6415805607,5182498.11324243,89.71805265860833,0.013049682081242572,0.04151280965472465,-0.04348142937054609,0.9981060854097841,1.256,22.0
1690299674,245660.6443960189,5182498.104888482,90.79228670569961,0.0009786544663149752,0.9996905606177618,-0.024829323360784077,-0.0011532339858799576,1.256,22.0
1690299675,245660.6417188203,5182498.108403966,90.78695921430038,0.0009143562219902227,0.999745752879617,-0.02250553713839575,-0.0010461118388669641,1.256,21.0
1690299676,245660.6399423905,5182498.10727043,89.7230167994637,0.012915825433612622,0.04084491657972139,-0.05005409783539292,0.9978273706071852,1.256,20.0
1690299677,245660.64168623064,5182498.110382712,89.72231740787224,0.012961100979960146,0.04060695235043017,-0.047340065803415876,0.9979689391218173,1.286,20.0
1690299678,245660.64384012597,5182498.112211473,90.78787518393206,0.0008875018973623292,0.9997701154925671,-0.021400370061330214,-0.0009760479494239152,1.286,20.0
1690299679,245660.64067151683,5182498.114517896,90.78709904814608,0.000970483099311692,0.9997319456034344,-0.023108471600555867,-0.0010457737862831357,1.256,20.0
1690299680,245660.64100304325,5182498.104465479,90.79257314899051,0.0005296741406410067,0.9999216415715171,-0.012494429851412782,-0.0005651415003635822,1.256,20.0
1690299681,245660.64062670871,5182498.108471467,89.7153215002271,0.006192740080771027,0.043637035102150216,-0.044257913092475364,0.9980474418916591,1.256,20.0
1690299682,245660.6380817734,5182498.115012711,89.7129253218421,0.009960716341095886,0.04587479182892487,-0.043764499553870274,0.9979383528973242,1.256,20.0
1690299683,245660.64333502497,5182498.112311765,89.71734115383154,0.007707977222979462,0.04148595076597855,-0.044194155572337246,0.9981314440440302,1.256,21.0
1690299684,245660.64406794347,5182498.112563629,90.79168915599831,0.0009110925504945411,0.9997558904161314,-0.022053519435496903,-0.0009857835061082149,1.256,21.0
1690299685,245660.63765594835,5182498.112213017,89.71960096494531,0.008263796061984172,0.04522810587954891,-0.04466952647329814,0.9979432656808931,1.189,21.0
1690299686,245660.63471098157,5182498.112841226,90.79937936994865,0.000907482192773458,0.999798604176656,-0.020027392678094724,-0.0009116496025072321,1.189,22.0
1690299687,245660.64155263393,5182498.109305983,90.79203592545291,0.0007471030840909416,0.999835631510731,-0.018095012207860736,-0.0008499010042097717,1.189,20.0
1690299688,245660.6414487077,5182498.119681429,89.72120400076466,0.013543788876635956,0.042611280663357884,-0.0430091281900827,0.9980736743524612,1.189,20.0
1690299689,245660.64150805428,5182498.115071695,89.71796752171399,0.017058586842878268,0.04191431043011767,-0.0469672846390198,0.9978708680835056,1.217,20.0
1690299690,245660.64024652733,5182498.117733867,90.78958171712142,0.0011536947155164831,0.9996398151823183,-0.026784268523084964,-0.0012295732786201871,1.217,20.0
1690299691,245660.64163994192,5182498.116657912,90.78251075448634,0.0011598283942888673,0.9996018557423705,-0.028162656882241656,-0.0012843487992234839,1.256,21.0
1690299692,245660.63712605502,5182498.115296584,90.78505765780956,0.0011200188168757202,0.9996480180966951,-0.026479964157234366,-0.001181935459803378,1.256,20.0
1690300339,245657.00246293668,5182501.645675137,90.66349894583375,0.0019515277632191077,0.999722516461762,0.01610291169169301,-0.01708150619239671,1.103,24.0
1690300340,245657.00481216024,5182501.646442658,89.81550459550856,-0.01019589306356749,-0.08624917857245244,0.7238356782782831,0.6844845022435725,1.103,24.0
1690300341,245657.00148301292,5182501.636136758,89.80598225787908,-0.015107231388511748,-0.0793916677161942,0.7264382219478684,0.6824633648410987,1.103,24.0
1690300342,245657.00295524165,5182501.643877822,89.81082959073375,-0.012068556143567161,-0.08124468120308243,0.7246960913780136,0.684155849839968,1.103,24.0
1690300343,245657.00676522806,5182501.639588502,90.66998482912595,0.0023488642465128162,0.999563666663792,0.02023947015520553,-0.02138511094719247,1.103,24.0
1690300344,245657.1419279539,5182501.497743813,89.8073117316784,-0.024573598435226524,-0.07857705898568453,0.7126206424616475,0.6967019477500068,1.103,24.0
1690300345,245657.61683035476,5182500.924795514,89.81404565883231,-0.0188761695500482,-0.07852569698312012,0.7176619590827304,0.6916926467889987,1.104,24.0
1690300346,245658.27538953262,5182500.122342674,89.8162116849712,-0.014182947297052212,-0.08418567712393482,0.720796558286261,0.6878691280584077,1.104,24.0
1690300347,245658.9955171082,5182499.196044672,90.67819405268773,0.003233800585463132,0.9991433201814144,0.028273992752476107,-0.030045791792965702,1.104,24.0
1690300348,245659.7324439084,5182498.281250164,89.78501876246523,-0.03285500128309365,-0.07565705367985483,0.7213820119408061,0.6876078475173232,1.104,23.0
1690300349,245660.56045930958,5182497.19407065,89.80834501277337,-0.02237727337087182,-0.08031337620442522,0.7262237793216406,0.682384086557508,1.121,24.0
1690300350,245661.44284091733,5182496.037461339,89.82485600019719,-0.00576471858154482,-0.0923150493861524,0.7302734050645121,0.676864427734233,1.121,23.0
1690300351,245662.34163008127,5182494.831500992,89.80504893242197,-0.029775676645469498,-0.0893551579813803,0.7336737356943125,0.6729427274105717,1.125,22.0
1690300352,245663.18854039832,5182493.636644536,89.82505353307275,-0.02691070358049615,-0.06910406012451939,0.7343837160458513,0.6746710313284513,1.125,22.0
1690300353,245664.10613675695,5182492.454446903,89.83125952556205,-0.03763044394159342,-0.08449294068730206,0.7388917607123473,0.6674457720400795,1.125,23.0
1690300354,245664.91480327642,5182491.2525698235,89.85013062081276,-0.024585138849219004,-0.09973659532534233,0.7475259474125135,0.6562416783820558,1.125,22.0
1690300355,245665.69964846107,5182489.976617264,89.812830737147,-0.04771169582622618,-0.07967274098989625,0.7660161578257053,0.636077899611743,1.125,22.0
1690300356,245666.42550028552,5182488.723144827,90.72750320859873,0.006767546196930765,0.9974519694566771,0.04511386277430317,-0.054849870838953464,1.125,21.0
1690300357,245667.14678820383,5182487.440096505,89.87400289271343,-0.033571162608684944,-0.10860374175257659,0.7812114033090135,0.6138297383301029,1.207,21.0
1690300358,245667.79231624346,5182486.11230493,90.78073869161932,0.0067372536096724795,0.997176190757783,0.04590055577609344,-0.059054152936457424,1.207,22.0
1690300359,245668.47350413376,5182484.802788032,89.88448675833368,-0.032958488529427024,-0.09930303154068161,0.7827512816057842,0.6134762237488821,1.117,23.0
1690300360,245669.17975593792,5182483.502954669,90.74311484884875,0.002864151556850657,0.9996553969223466,0.016490944243816093,-0.020222086881233937,1.117,24.0
1690300361,245669.93580585322,5182482.2070698375,90.76059272551231,0.00541198018218736,0.9986083814527843,0.03325614902027625,-0.04057141253517313,1.104,24.0
1690300362,245670.7301751912,5182480.918374602,90.77071557077086,0.0034361679796381384,0.9990747976234261,0.02776294006358216,-0.03266436379836518,1.104,22.0
1690300363,245671.61214623647,5182479.659606082,90.77897825429025,0.005440029629390829,0.9969698818257196,0.051180015370126425,-0.05832723923481784,1.122,22.0
1690300364,245672.46847509986,5182478.497756873,89.84153370273845,-0.0580469289740626,-0.07637189825619817,0.7460582254257103,0.6589347550919326,1.122,23.0
1690300365,245673.3040534977,5182477.212366774,90.80101198724994,0.9960977410698827,0.004657141381126052,-0.058280042738448314,0.06611382524130477,1.104,22.0
1690300366,245674.21216577105,5182476.007821373,90.76154375745857,0.0068038709202898895,0.9950855215876399,0.06611911887576949,-0.07339464685007324,1.104,22.0
1690300367,245675.07170545138,5182474.833664359,89.80882018922608,-0.033113721547865384,-0.08026114161840943,0.7460982234101755,0.66015079460343,1.104,20.0
1690300368,245675.924158026,5182473.647693905,89.81366010798153,-0.04110284602277366,-0.095372340784823,0.7369477893822423,0.6679241187340654,1.104,20.0
1690300369,245676.75665576887,5182472.46122908,90.72946742058946,0.006024321375629247,0.9978705307357459,0.04334805632658904,-0.04836380313654903,1.296,20.0
1690300370,245677.65176251705,5182471.260029949,90.72848907609247,0.007308730353725979,0.9968710145976217,0.05321788292228822,-0.05798809923591551,1.296,20.0
1690300371,245678.53671883765,5182470.039657442,90.74792452563177,0.005228756593742723,0.9974385454119745,0.04837223328417593,-0.052432196959781366,1.122,22.0
1690300372,245679.4106577558,5182468.847992525,90.7289797557719,0.00561460143790643,0.9974653634101817,0.04783754829014287,-0.05237264573492696,1.122,22.0
1690300373,245680.2302068299,5182467.670852971,90.72034011148948,0.00664652708323199,0.9966464072056331,0.05398847641416198,-0.06113106490412734,1.123,22.0
1690300374,245681.11005046853,5182466.480147708,89.80649699050191,-0.053308169381365976,-0.09096112652320604,0.7453596330985083,0.6582729903969128,1.123,23.0
1690300375,245681.89810836516,5182465.2059200555,89.82699492010005,-0.022969886627205744,-0.07731535033780458,0.7502521658439956,0.6562136912293659,1.126,22.0
1690300376,245682.68082331546,5182464.007295222,89.84679598301767,-0.01308603189629318,-0.09577018743616338,0.7614970891558885,0.6409204398166438,1.126,22.0
1690300377,245683.47169053505,5182462.77368658,89.8450136565949,-0.018025167557967344,-0.09960568641884517,0.7498393114955202,0.6538308707176971,1.16,22.0
1690300378,245684.25300168863,5182461.50398703,89.85775224992821,-0.03534676132781618,-0.09463486147515603,0.7526003215751433,0.650682415178252,1.16,21.0
1690300379,245685.0180320981,5182460.236866306,90.75058931240801,0.008982480740880483,0.9960353384418167,0.057306715081029254,-0.06744523720365374,1.193,20.0
1690300380,245685.72375984438,5182458.941919219,89.89545126893181,-0.027768395522373705,-0.1146427015273005,0.7667197339755755,0.6310521505621054,1.193,19.0
1690300381,245686.40071716663,5182457.6372958915,89.89026301794526,-0.021532644653334796,-0.10165054875370824,0.7800933619231114,0.6169747627219452,1.252,21.0
1690300382,245687.1564683518,5182456.312857128,90.74616988257885,0.003724806006742576,0.999109386571364,0.02758479236831192,-0.03171180718915001,1.252,21.0
1690300383,245688.02050845473,5182455.138005131,89.87079369340493,-0.03447501185787531,-0.08133834467111921,0.7382919297005945,0.6686707514035095,1.194,19.0
1690300384,245688.89310089732,5182453.947754098,90.7506032803881,0.002609420982326916,0.9995343128852789,0.020361228000939455,-0.022578057520170506,1.194,21.0
1690300385,245689.77315744807,5182452.749792552,89.86259773192026,-0.0323088338792477,-0.09311739236002606,0.7366088105628184,0.6690984611360736,1.126,20.0
1690300386,245690.6343131373,5182451.568353505,90.776728829015,0.004279806094627691,0.9982054486601023,0.040413201492964686,-0.04398111720005896,1.126,20.0
1690300387,245691.51464120107,5182450.375246036,89.86974652660423,-0.04006016570583328,-0.0779007742604948,0.7360190386144105,0.6712694148330873,1.179,21.0
1690300388,245692.36291409587,5182449.218681104,90.8277078646668,0.006300912796975923,0.9966420808936332,0.05534148423019814,-0.060018174023644594,1.179,21.0
1690300389,245693.28568396482,5182447.9855044745,89.8786656150064,-0.05169937160821228,-0.07075317344649971,0.7311844489906135,0.6765282440348358,1.179,22.0
1690300390,245694.1267028561,5182446.786434271,90.82244910553919,0.002020107705132446,0.9995844330122741,0.019446544819739748,-0.02118283123107473,1.179,22.0
1690300391,245695.05158945516,5182445.606247464,90.79275839988296,0.0023234576842084964,0.9996867680128779,0.017027792673314057,-0.018194001237523613,1.157,21.0
1690300392,245695.88693200165,5182444.427092623,89.9322594696075,-0.01822925437701687,-0.09615809586235344,0.7395719357211924,0.6659239196624439,1.157,22.0
1690300393,245696.73791335293,5182443.212331127,89.93181604913765,-0.020181367670055017,-0.08776152306546747,0.7400431850300293,0.6665033471474884,1.105,22.0
1690300394,245697.60113608552,5182441.991093819,89.9328324563411,-0.016837082628581183,-0.07980751675191766,0.7428835903606114,0.6644330245339841,1.105,22.0
1690300395,245698.4557249264,5182440.763606025,90.81079092055474,0.00583432882662427,0.9975849138419987,0.04574874396248433,-0.051936044399338285,1.105,24.0
1690300396,245699.2843154302,5182439.537130862,89.9380465083791,-0.024994969694705868,-0.10022736448919467,0.7486043267571594,0.6549208264042081,1.105,23.0
1690300397,245700.11872934832,5182438.32877792,90.79246970828733,0.004226945250760338,0.9989310950332461,0.03029662197734461,-0.03465422061291964,1.154,23.0
1690300398,245700.89021889764,5182437.118281069,90.79733379258178,0.007256937828488517,0.9979915041271147,0.04090685435578375,-0.04782179220990523,1.154,21.0
1690300399,245701.72114196964,5182435.822571537,89.95841723643413,-0.024656269076357692,-0.09299709020132589,0.7653525748045107,0.6363796397194261,1.174,21.0
1690300400,245702.51597634837,5182434.581956787,90.8320536804784,0.004192564970717239,0.9988375858396714,0.031603833134598656,-0.036153799857604994,1.174,22.0
1690300401,245703.43787062567,5182433.394776643,90.79695428619335,0.0016103811900126665,0.9998326871490781,0.012356639102044016,-0.013390961533003261,1.126,22.0
1690300402,245704.4854644533,5182432.170659982,89.87425980712442,-0.03324855740808202,-0.06119167731698726,0.7129642627215924,0.697733525165067,1.126,22.0
1690300403,245705.38881206396,5182431.082537001,89.87286666883419,-0.027514192497736994,-0.08519532397279024,0.7045008878879321,0.7040335396481364,1.127,19.0
1690300404,245706.33261010554,5182430.019697029,90.7437480033411,0.004616992416987765,0.9988802082771715,0.032937067390949384,-0.03364762227647022,1.127,20.0
1690300405,245707.269866145,5182428.8725906955,90.81288593714201,0.005664663829130224,0.9971692466243324,0.051520688240216904,-0.054470394285509295,1.124,23.0
1690300406,245708.20491829302,5182427.724283545,90.78509276671605,0.0039973609409029165,0.9989842981840846,0.031152220784078588,-0.03230994007082133,1.124,23.0
1690300407,245709.1132257149,5182426.591328544,89.91212489726033,-0.04590317806341296,-0.09281529659122659,0.7171996432962191,0.689131983453197,1.106,24.0
1690300408,245709.98354828145,5182425.404660985,90.82192503918002,0.004901782411716683,0.997877169532436,0.04423399240050212,-0.04754451568198487,1.106,24.0
1690300409,245710.87947967878,5182424.22335776,90.81137376753426,0.00638092960028902,0.9974556173059199,0.04768764413260433,-0.052606690063001366,1.106,23.0
1690300410,245711.78573231993,5182423.043507614,90.83938198788552,0.00909208347929358,0.9936371788197149,0.07600993543036781,-0.08261344080157129,1.106,22.0
1690300411,245712.63298809,5182421.856083349,90.86531879514123,0.00574480640169961,0.9952777264725391,0.06547740853511061,-0.07142795922176991,1.106,23.0
1690300412,245713.44361338485,5182420.644626038,89.94692455430247,-0.0013686412818889352,-0.07954431755637945,0.7638719442126144,0.6404455333674925,1.106,24.0
1690300413,245714.35875287114,5182419.4262415785,89.95205710785244,-0.027617243989683054,-0.12281578022117147,0.7304701685950208,0.6712428061110534,1.106,23.0
1690300414,245715.2234671905,5182418.199453211,89.92288079549324,-0.03257338532471686,-0.09084522750481094,0.7088641856201285,0.6987114465594496,1.106,22.0
1690300415,245716.11510555027,5182417.027626183,90.83114986357616,0.004133841887316248,0.9978339877676711,0.04485139087909253,-0.0479436851225357,1.106,21.0
1690300416,245717.0568126627,5182415.925591197,90.82107810421726,0.005431827816049728,0.9975783501938708,0.047807202847903275,-0.05022351866318735,1.106,20.0
1690300417,245718.01397079532,5182414.789900444,89.9197294492104,-0.025874759980266428,-0.07125327574391654,0.7160257786169758,0.6939456404126179,1.114,20.0
1690300418,245718.97688645197,5182413.644938182,89.90599511716637,-0.032202593615539364,-0.0669206269525299,0.7210313194903165,0.6889110675310464,1.114,20.0
1690300419,245719.9641651888,5182412.430249617,90.7870929385361,0.003015724409729248,0.9985128177948029,0.03795390507585384,-0.039019984562533166,1.114,21.0
1690300420,245720.86238614644,5182411.315643975,90.7370116719426,0.0024643093068514314,0.9994751736499373,0.02260546275516821,-0.023071573216679752,1.114,21.0
1690300421,245721.92845790432,5182410.226920341,90.77095435886069,0.0058713832537333754,0.9942389299721729,0.07398150768592847,-0.07733830556065724,1.114,20.0
1690300422,245722.82023829053,5182409.143621062,90.77087839383447,0.008532580915894762,0.9939687111102287,0.07593936713828596,-0.07865499930342067,1.114,21.0
1690300423,245723.75075763717,5182407.966186013,90.76842915879377,0.005121042054009982,0.9973507222969695,0.05004084320001989,-0.052547366002734575,1.137,22.0
1690300424,245724.71073175286,5182406.796653316,90.76783690275792,0.005081809418240323,0.9957944863262239,0.063277195087327,-0.06605689061111487,1.137,22.0
1690300425,245725.63853778905,5182405.669595385,89.80477149814713,-0.04150687747846544,-0.056641152646663445,0.7281118155527162,0.6818519949383242,1.137,21.0
1690300426,245726.5984362982,5182404.574111328,89.81775063912393,-0.04946698532011297,-0.0902447250253782,0.718041404535452,0.6883498008579572,1.137,23.0
1690300427,245727.48745546283,5182403.358532562,90.74448357398286,0.004633132477689927,0.9968944460075416,0.053843264789529555,-0.05727914489205978,1.107,23.0
1690300428,245728.36924931413,5182402.213528825,90.72281802146922,0.006543135354030449,0.9964917757468401,0.05686479946610393,-0.06105508029908683,1.107,23.0
1690300429,245729.24340893485,5182401.071040861,89.83117667166599,-0.0354128607081149,-0.10049206161287745,0.7269371769764257,0.6783875113670697,1.107,23.0
1690300430,245730.0961474388,5182399.875978896,89.85086566635924,-0.02922673410680582,-0.0869929957636429,0.73686871746386,0.6697779556873181,1.107,23.0
1690300431,245730.95545420682,5182398.662489923,89.84342227911094,-0.030642407300249457,-0.07818091575745666,0.7436021903173186,0.6633284027097419,1.107,23.0
1690300432,245731.79643202157,5182397.463792852,90.72868538799393,0.003942436494241473,0.9990024180786804,0.029268661429410377,-0.03349584042189379,1.107,23.0
1690300433,245732.6520002197,5182396.298087667,90.76391714416401,0.00842754074944274,0.9953519105582032,0.06436832323456924,-0.07113557245865991,1.125,24.0
1690300434,245733.5801714272,5182395.139239255,89.89473556522289,-0.05649934802064996,-0.0905943568825714,0.7320331862682359,0.6728505780455635,1.125,24.0
1690300435,245734.4893384254,5182393.997881769,90.88595838368383,0.010853278804447586,0.9902857890187418,0.09423340290031537,-0.10166773423534195,1.107,23.0
1690300436,245735.4036397692,5182392.6385852145,90.83899407058237,0.004547622725840529,0.9959278474851008,0.06093157748889851,-0.06629015459290855,1.107,22.0
1690300437,245736.33840163314,5182391.490081012,90.80241183817655,0.00619151835757048,0.995302744478518,0.0667468456945112,-0.06984962794311117,1.176,22.0
1690300438,245737.36486092967,5182390.342449433,90.75430769611283,0.004492032984343586,0.9971141253672491,0.05438268830325525,-0.05278035473246216,1.176,23.0
1690300439,245738.42171800166,5182389.276182702,89.78467169471311,-0.047039279839585016,-0.06105057792441467,0.6826991315622158,0.7266237188885761,1.107,24.0
1690300440,245739.4643438357,5182388.2430582205,89.76829638805435,-0.050281541206204906,-0.057627908468542946,0.6807871546328078,0.7284776186448252,1.107,23.0
1690300441,245740.5374198551,5182387.160527274,90.69987867821946,0.9966490244296614,0.0036439903802207296,-0.05941777295271329,0.056097876028000974,1.107,22.0
1690300442,245741.6332416078,5182386.110575543,89.678590697109,-0.04114191471572435,-0.03608066670251089,0.6745406683997159,0.7362067746351502,1.107,22.0
1690300443,245742.73638595952,5182385.148757811,90.61919756321818,0.00436986989274879,0.9958313094495248,0.06749835584141384,-0.06119541907586773,1.137,21.0
1690300444,245743.80013071472,5182384.291706931,90.60931214645534,0.013252230390608188,0.9899551825148443,0.10714235573930801,-0.09128872114509762,1.137,19.0
1690300445,245744.9219491648,5182383.371934093,89.81336584786662,-0.026928074439129677,-0.07301916051381133,0.6312367382786178,0.7716756191899745,1.161,19.0
1690300446,245746.20847396052,5182382.533693475,90.71410510473181,0.0038760477894711496,0.9979116692156915,0.05316288586370094,-0.03648265702123841,1.161,19.0
1690300447,245747.67174550344,5182381.889674831,89.7779561908326,-0.026471205196717404,-0.014344223646519355,0.45262897357382276,0.8911905132040621,1.197,18.0
1690300448,245749.21968219575,5182381.626477289,90.76874525400812,0.0002895413143778614,0.9998476919647139,-0.016503000236946102,0.005670980677211136,1.197,19.0
1690300449,245750.12140230442,5182381.321646427,90.81427106064426,0.004030840008966499,0.998718798287536,-0.05041887692659399,-0.0015656070334331004,1.177,21.0
1690300450,245750.3854045651,5182381.713645486,90.82891202485415,0.00797037154621544,0.9971173124421817,-0.07000127757885698,-0.028166638827232006,1.177,21.0
1690300451,245749.89742772284,5182382.60214257,90.85300370256837,0.013917240081876336,0.9960674247418791,-0.06324571752786794,-0.06046465919005485,1.177,20.0
1690300452,245748.79367901423,5182383.59657696,90.84661481715818,0.016872758052831727,0.993800141282755,-0.07181979309820564,-0.08317756032367203,1.177,22.0
1690300453,245747.84167091703,5182384.488466286,90.82158276605834,0.016252972934442667,0.9950541912082349,-0.06939388444416462,-0.06919166301996009,1.137,23.0
1690300454,245746.89919567975,5182385.616947629,89.45816092091837,0.047941902409606975,0.14887886161872796,-0.6712995212240171,0.7244954184540193,1.137,22.0
1690300455,245745.96291344508,5182386.701803739,90.71439471900469,0.01919323391750688,0.9919796827794335,-0.08962290814549269,-0.08703828502530998,1.107,21.0
1690300456,245745.09042317726,5182387.696528686,90.71934168798005,0.0178973281558561,0.9918327941291967,-0.08993497832571727,-0.08865153020847939,1.107,22.0
1690300457,245744.09047207443,5182388.715333901,90.76347785005355,0.02234717910516288,0.9890626491873364,-0.10147572958818701,-0.10468216597450987,1.154,20.0
1690300458,245743.07836087668,5182389.823188831,90.78373424566315,0.017764027858091058,0.9933104996256348,-0.08013626724658988,-0.0812211137544416,1.154,21.0
1690300459,245742.0055306725,5182390.857361471,90.80513708663364,0.016426445864836714,0.9932584727645818,-0.07894762812730646,-0.08327694861540585,1.198,20.0
1690300460,245741.00469855545,5182391.871912782,90.85020885995918,0.020620900936420383,0.9900302623326847,-0.09791058444949528,-0.09913816400763298,1.198,19.0
1690300461,245740.0324843115,5182393.006686888,90.90006108237813,0.02695340268401314,0.9859377338305312,-0.11866287577088414,-0.11454004106273843,1.257,20.0
1690300462,245739.0459533472,5182394.123127461,89.62972552165326,0.061933377241213075,0.15204760365705403,-0.6816391493350756,0.7130314530926385,1.257,20.0
1690300463,245738.09553858382,5182395.293721098,90.91152451500935,0.022593444436529886,0.9895411827393639,-0.10386215380482847,-0.09752146911473604,1.257,20.0
1690300464,245737.2001045093,5182396.436084981,89.63822815343192,0.06912689370717447,0.15472517287436705,-0.6660929013135315,0.7263620586629758,1.257,20.0
1690300465,245736.25830680202,5182397.615318063,90.937516349894,0.021501484161597754,0.9901268042997322,-0.10210498119277565,-0.09360112393380367,1.257,20.0
1690300466,245735.31305900472,5182398.8102240125,89.64849291559905,0.050275244967352965,0.1563187924322315,-0.6603551618848433,0.7327809325085117,1.257,22.0
1690300467,245734.40129377262,5182400.024640115,89.63535938207629,0.048381245353242924,0.16295682620612573,-0.6530540702825322,0.7379869302218798,1.224,21.0
1690300468,245733.57048610065,5182401.217263104,90.9220340874465,0.02261784210197937,0.989319888708742,-0.10781909225362973,-0.09544440460066576,1.224,22.0
1690300469,245732.73962347326,5182402.376286071,89.63124270269392,0.061645842047639364,0.1386305539086727,-0.6457228347626991,0.7483470988433352,1.128,21.0
1690300470,245731.86793826835,5182403.599897236,90.90495311381493,0.018449749561268988,0.9920114463098552,-0.09477724024151363,-0.08117987351282403,1.128,21.0
1690300471,245731.01986585197,5182404.821886107,89.6284930369837,0.04596939829192234,0.1402802790992098,-0.6374802612576417,0.7561925510234911,1.137,22.0
1690300472,245730.18267609316,5182406.11200718,90.86003501358122,0.01107230051282815,0.9966991948574027,-0.061526430322246126,-0.051793991000507716,1.137,22.0
1690300473,245729.39255540105,5182407.359599805,89.56463108825,0.05131497881888855,0.1610873817710671,-0.6328105041250203,0.7556245722923502,1.137,23.0
1690300474,245728.65808594643,5182408.50166157,90.86638644524757,0.015120322508068385,0.9928616468034517,-0.09175727693417914,-0.07468419031906642,1.137,23.0
1690300475,245727.8281148206,5182409.797771295,89.61975846281943,0.05609349959634741,0.13384850888315455,-0.6210376400366447,0.7702274635654752,1.137,23.0
1690300476,245727.05909528406,5182411.030236649,90.86124446820844,0.007331329649887197,0.9979693645208683,-0.049516073475578654,-0.03938981531995486,1.137,21.0
1690300477,245726.33153259917,5182412.344485969,89.64297502815718,0.05031526728937384,0.1336441949615096,-0.6162989346623794,0.7744567296916626,1.174,21.0
1690300478,245725.6656403374,5182413.580783429,89.64482043527151,0.06356367795902043,0.12027419672322782,-0.6099110084830603,0.7807063072488146,1.174,22.0
1690300479,245724.9716857408,5182414.88688944,90.92184302614545,0.019080129073119238,0.9879363049243363,-0.12156665839374697,-0.09401783689268783,1.2,21.0
1690300480,245724.19852711094,5182416.180265595,89.71987767401932,0.03313330932767316,0.13247624860294388,-0.6005059901111306,0.7878735832668452,1.2,22.0
1690300481,245723.54182173326,5182417.507998052,90.97394500617278,0.015528458800411482,0.9929039988666646,-0.09397978589600073,-0.07119210521407929,1.108,23.0
1690300482,245722.8590600446,5182418.841390738,89.73417043865167,0.054952026555196536,0.1451217948227684,-0.6135335561221562,0.7742716028352042,1.108,23.0
1690300483,245722.06339588718,5182420.192827055,90.98181256062475,0.016894214781745857,0.9946322467448555,-0.08025523420941895,-0.06309022605903863,1.108,24.0
1690300484,245721.35402540126,5182421.389933021,90.98243294699209,0.01555176177156753,0.9931312058529368,-0.09060630780981022,-0.07238126589088054,1.108,24.0
1690300485,245720.59583874675,5182422.677071462,90.99141380664453,0.015199833335955478,0.9940330304624315,-0.08451963342498385,-0.06725868703699338,1.108,24.0
1690300486,245719.85159884483,5182423.964979361,89.72447026699872,0.05589988141241686,0.14248479556046184,-0.6110480195214121,0.776655395996919,1.108,24.0
1690300487,245719.12404408565,5182425.258239683,89.74603522134954,0.047890059247852654,0.14310442498001458,-0.6115837894420061,0.7766549647482673,1.108,23.0
1690300488,245718.41902071462,5182426.556455918,89.7595861573113,0.05469888065682696,0.14680894988494073,-0.6080245046564944,0.7783067302971213,1.108,23.0
1690300489,245717.66007466888,5182427.8045484135,89.76985252211686,0.06948554225113666,0.14654169654906266,-0.6383868257904116,0.752435745594154,1.154,23.0
1690300490,245716.72973781556,5182428.986505558,91.04777900969447,0.017366311318741945,0.9918694015184134,-0.0927800832178361,-0.085354306984337,1.154,24.0
1690300491,245715.7683335207,5182430.151540934,91.05727618162422,0.02073895682576027,0.9904468259993076,-0.09894670658636623,-0.0937791543648603,1.154,23.0
1690300492,245714.85578926984,5182431.252492629,89.78673497021349,0.07311964214684197,0.14110587235188807,-0.6865430758295142,0.7095077559482209,1.154,23.0
1690300493,245713.81632858384,5182432.394409553,91.07256325063167,0.01597045985884655,0.9938418926408884,-0.07881143956987557,-0.07623643378856247,1.109,23.0
1690300494,245712.83631711174,5182433.5073919725,89.80223244885707,0.06623349800211523,0.14525250328187125,-0.6926051609755163,0.7034294030127208,1.109,23.0
1690300495,245711.80808997518,5182434.6106844,89.80258273713326,0.055474306434018704,0.1461556822389856,-0.6943853342609789,0.7024173442037074,1.109,24.0
1690300496,245710.7629550996,5182435.694775846,91.05582654066843,0.011639622202665569,0.9971807481468112,-0.052512846824473304,-0.052320891035364546,1.109,24.0
1690300497,245709.78912132874,5182436.776495293,89.7878792672804,0.05915085765157624,0.14961149177337604,-0.6932471990480948,0.7025139846155372,1.109,24.0
1690300498,245708.8762229838,5182437.866418885,91.04639607187215,0.012782834807069762,0.995307182407739,-0.07089396841092478,-0.06460849034618914,1.109,24.0
1690300499,245708.00580681767,5182439.0416743085,89.78366851757727,0.049737057191644195,0.1427611846975847,-0.6503303682880001,0.7444567693076954,1.109,24.0
1690300500,245707.2603586157,5182440.280394383,89.76974449018836,0.05191793425918319,0.13016587382200598,-0.6117103893383306,0.7785703391280462,1.109,21.0
1690300501,245706.6271016539,5182441.541330311,91.03447004184584,0.011373218579982636,0.9956135038691134,-0.07469304765807935,-0.05518468486950848,1.138,20.0
1690300502,245705.9766904548,5182442.685595186,89.98936948297914,-0.09564958261171153,0.05711158199125752,-0.587660796617209,0.8014014054566465,1.138,22.0
1690300503,245705.38010011872,5182444.296962656,91.08535825682667,0.011136548771333354,0.996921338842909,-0.06284323122073371,-0.04554722528171218,1.207,21.0
1690300504,245704.67820424485,5182445.604690185,89.81592408588612,0.0519918039419723,0.1398546488166245,-0.6093224567318194,0.7787577757233234,1.207,20.0
1690300505,245703.95523977792,5182446.950499017,91.0873606038183,0.014194286319144656,0.9956615540885401,-0.07259502665556522,-0.05644957086427986,1.207,21.0
1690300506,245703.21798682574,5182448.272444004,89.79488951686463,0.04416669238848801,0.15454219325245336,-0.6039537380019412,0.7806445389174671,1.207,21.0
1690300507,245702.43349797942,5182449.5279703215,91.02754457814103,0.006829984849094863,0.9985763151332999,-0.041584479235211476,-0.032702067954456675,1.221,21.0
1690300508,245701.71440090338,5182450.842497426,91.0206057012649,0.011251250839331817,0.9966296658738465,-0.06377165402194457,-0.05035766672554488,1.221,21.0
1690300509,245700.98989241448,5182452.168795335,91.0089399487285,0.016201091306804246,0.9945985033227434,-0.08132016583936104,-0.062436947847297655,1.221,21.0
1690300510,245700.28386645153,5182453.450664777,89.72296145418734,0.023402460840274336,0.1353421136936195,-0.5892727504702063,0.7961736384990656,1.221,22.0
1690300511,245699.66352112583,5182454.7637198595,89.67318253025046,0.05036278889277048,0.14124838519221028,-0.5846725617367938,0.7972894573037261,1.198,22.0
1690300512,245698.93631706617,5182456.06105092,89.65883687014308,0.04416916091008824,0.14672914942082246,-0.6229493945230969,0.7671073548063841,1.198,22.0
1690300513,245698.19157633485,5182457.220905591,90.9248684247733,0.015235808527138846,0.9939594249750505,-0.08394072395125127,-0.06903974583043539,1.167,21.0
1690300514,245697.38123512783,5182458.462680731,89.6766869050174,0.058081105465705975,0.14068413004055508,-0.6389193606216866,0.7540667154605014,1.167,21.0
1690300515,245696.5367747875,5182459.701102135,90.96367087166598,0.014159815850442233,0.9948987267187404,-0.07609196556536789,-0.06469958241681073,1.207,20.0
1690300516,245695.6651247858,5182460.927048248,90.95626686245416,0.012844508241954378,0.996107324300721,-0.06638059969476062,-0.056558227223319615,1.207,20.0
1690300517,245694.8037200233,5182462.145594847,90.93966414488224,0.010590403708754473,0.9971165281350453,-0.05673604346685198,-0.049269605650205314,1.213,20.0
1690300518,245693.94469310573,5182463.379453187,90.93224302763655,0.011726808168963489,0.9968878867168243,-0.05892822799758752,-0.05103417710218298,1.213,20.0
1690300519,245693.10096620623,5182464.579241294,89.66482873697032,0.06003320107229048,0.1403426739585135,-0.6508373831479531,0.7437140911212539,1.207,21.0
1690300520,245692.2051686845,5182465.759731437,90.91263066630694,0.013572288937600596,0.9956246285512926,-0.06878751001590043,-0.06177111348281972,1.207,21.0
1690300521,245691.28057712762,5182466.93020173,89.66163719544804,0.05943730561990769,0.1405152753911632,-0.6771657444295046,0.7198397173354816,1.241,21.0
1690300522,245690.34005796304,5182468.058828245,90.90890407157984,0.01644745715042939,0.993018179871353,-0.08393068189575567,-0.08124048396448316,1.241,21.0
1690300523,245689.35384450547,5182469.201438538,90.94002218766312,0.024919357110037788,0.9881617847555929,-0.10798428575356217,-0.10608820302067976,1.207,22.0
1690300524,245688.3230958732,5182470.2209477965,90.90075272567793,0.015573802626596191,0.9933186753525465,-0.08062609075446549,-0.08108575310905695,1.207,21.0
1690300525,245687.2746180375,5182471.313313255,90.89123455059207,0.013123379486085777,0.9957858177373385,-0.06404099629283999,-0.0643205480221115,1.207,20.0
1690300526,245686.29770385608,5182472.415329972,90.89974243420373,0.018992608396125932,0.9912046319720242,-0.09124742270760935,-0.09394980698614619,1.207,20.0
1690300527,245685.27774433052,5182473.518404574,90.92669336994217,0.027436264511219225,0.9865690812635559,-0.11168143260805447,-0.11599981420272336,1.166,21.0
1690300528,245684.23179757933,5182474.563816151,90.90420328097308,0.019800211310337823,0.9920669907709148,-0.08741792740693999,-0.08814274458333315,1.166,22.0
1690300529,245683.1731479925,5182475.590040037,89.63346547274733,-0.05725723200537565,-0.15170476332286004,0.7040536414179981,-0.6913868267289264,1.166,22.0
1690300530,245682.1004211558,5182476.6168886265,90.88237358458613,0.015223545709618093,0.9941793517286396,-0.0744472852753995,-0.07637579438259477,1.166,22.0
1690300531,245681.086791996,5182477.643957323,90.85535185868484,0.012177931063851288,0.995230997529967,-0.06767413516024667,-0.06918938488542617,1.13,23.0
1690300532,245680.13983274685,5182478.763667062,89.568443541693,-0.07447570525917308,-0.16307769417791387,0.6986046084689285,-0.6926836478607956,1.13,22.0
1690300533,245679.2050303261,5182479.817349737,90.92425100902298,0.018045569349379786,0.9927436364480067,-0.08632227508376877,-0.08174897273487179,1.161,20.0
1690300534,245678.31195576422,5182480.985714871,90.92955368830248,0.019745906071799102,0.9913707092092445,-0.09604694552101213,-0.08700115155241864,1.161,21.0
1690300535,245677.44767711972,5182482.190086551,89.66661968882866,0.06239551541604138,0.1448490014092573,-0.6539360282247566,0.7399278596162858,1.151,23.0
1690300536,245676.57190748103,5182483.380555819,90.98087587528907,0.025418230964598443,0.9864047007595391,-0.11944788465398437,-0.10996309701805948,1.151,22.0
1690300537,245675.6182933363,5182484.567292022,89.70292412549472,0.05689938020234269,0.16604580873926952,-0.6678570240151487,0.7232967892963028,1.172,23.0
1690300538,245674.67208644914,5182485.706441961,89.71476241897635,0.06204600002624193,0.15270072548177882,-0.6676101716185424,0.7260368042114271,1.172,22.0
1690300539,245673.74032883093,5182486.840117393,89.73382378003255,0.045620917835884386,0.13761082362386617,-0.6718770141938883,0.7263355084775068,1.172,22.0
1690300540,245672.88742391238,5182488.077084994,91.01157549496504,0.023614089839308742,0.988271717353782,-0.11119578920232694,-0.10196511120642733,1.172,22.0
1690300541,245671.89901632903,5182489.246253265,91.00589234132272,0.017142634659999767,0.9934296575336266,-0.08335864705511384,-0.0765178513203051,1.11,23.0
1690300542,245671.01798880487,5182490.403031307,90.97240422488814,0.01631967214639746,0.9930907079796768,-0.0862884983413489,-0.07783835224009822,1.11,24.0
1690300543,245670.11150108223,5182491.555416316,90.97435538780813,0.013891359887844791,0.9940986981606782,-0.08005012698554595,-0.07188035618518641,1.11,24.0
1690300544,245669.20499605435,5182492.759495108,90.96957936879407,0.012479775608946309,0.9955090068338327,-0.06976611273801148,-0.06275955725539967,1.11,24.0
1690300545,245668.30951543438,5182493.982783255,89.69338631481118,0.055548164616446176,0.14485059693094526,-0.6573980604582406,0.737401177163582,1.11,24.0
1690300546,245667.48378379704,5182495.084439447,90.9340867783481,0.013681665655169817,0.9923620199191744,-0.09161816604869723,-0.08146499307499985,1.11,22.0
1690300547,245666.5989383519,5182496.319169151,89.72496249702013,0.053662114160823456,0.12175419495193192,-0.6569756783650436,0.7420776587070848,1.13,22.0
1690300548,245665.7178930254,5182497.558594487,90.97763677460655,0.012488301162280948,0.9960327229028839,-0.0664885805142179,-0.0578111226491197,1.13,22.0
1690300549,245665.0411731527,5182498.734447265,89.72907234573346,0.06194459504971565,0.1130857368530679,-0.5954586762726745,0.7929712782416019,1.166,21.0
1690300550,245664.56436748875,5182499.942585329,89.9113091936114,-0.10436502980852963,0.042215583443983226,-0.5426700981737846,0.8323670762443718,1.166,21.0
1690300551,245664.30087522758,5182501.611162626,89.75638785293482,0.04284627683591177,0.11331201295645077,-0.45594077168202995,0.8817270535710314,1.166,21.0
1690300552,245664.20787526778,5182503.149134793,90.96822021574803,0.006819499852444009,0.9982996266277325,-0.052971092272362796,-0.023354084871071348,1.166,22.0
1690300553,245664.2952834442,5182504.650979497,89.77879117700171,0.04645087655020181,0.09533240540251624,-0.3468198657928169,0.9319173939997798,1.166,21.0
1690300554,245664.54921126907,5182506.10276659,89.81591195811838,0.025171714348171843,0.08118063999525361,-0.2971726980460078,0.9510333727176935,1.166,22.0
1690300555,245664.96188142351,5182507.556465394,90.99035065912864,0.005326438040335335,0.9968847176776711,-0.0765077273313235,-0.018413483567987547,1.153,21.0
1690300556,245665.64938113774,5182509.041159247,89.86241034920117,0.040257219958655256,0.08172865761548051,-0.13065761565500186,0.9872326829258247,1.153,21.0
1690300557,245666.51602525148,5182510.323401921,89.90537308222203,0.01623269807437453,0.05403467651806024,-0.03832492223376289,0.9976712652886175,1.128,22.0
1690300558,245667.64636915547,5182511.46285083,89.92224109750522,0.029699122836367584,0.04811102222803132,0.11329541234516971,0.9919513300482349,1.128,22.0
1690300559,245668.81749123053,5182512.140771779,90.90299165307431,-1.321686040239856e-05,0.9999978723870975,0.0019479411094412175,-0.0006786545713511183,1.128,23.0
1690300560,245670.20507667048,5182512.224920115,90.85848448601405,0.9997584412579521,0.0003891844061277294,-0.019779179579662295,0.009575579571151347,1.128,22.0
1690300561,245671.26321662738,5182511.915356358,89.87746382403188,-0.029584626271982755,-0.04408894626072553,0.6226989407780675,0.7806580197883313,1.158,23.0
1690300562,245672.24488891356,5182511.094922772,89.9192422855205,-0.03434738585382815,-0.09028967874649671,0.6793296224229529,0.7274471081085901,1.158,22.0
1690300563,245673.17649509935,5182510.041253892,90.8472209959893,0.0061549115217296455,0.9978137227815554,0.04610363074225935,-0.04695047311108175,1.158,21.0
1690300564,245674.0760740389,5182508.844371363,89.9676208242143,-0.039762352366836715,-0.07055695859666329,0.7370678077439233,0.6709483718703034,1.158,22.0
1690300565,245674.89004450952,5182507.611777165,90.89098154851007,0.005271607087986463,0.9977967491568245,0.04263204508234543,-0.05056052079320307,1.138,22.0
1690300566,245675.64056756542,5182506.299898769,89.95949770599685,-0.04349071867411621,-0.06857453254746625,0.7779692064556697,0.623032908185307,1.138,21.0
1690300567,245676.32421802057,5182505.048797794,90.91022389447075,0.007205719029883651,0.9959621427208954,0.055101880202068534,-0.07050723848132172,1.138,20.0
1690300568,245677.08143234512,5182503.843512861,90.8727976945561,0.00475408967637847,0.998428202893493,0.03671649973771565,-0.042076370390390756,1.138,20.0
1690300569,245677.80096157247,5182502.604634435,90.03300245017304,-0.03459421651382701,-0.10096384195993005,0.7569312148467399,0.6447206207273996,1.188,21.0
1690300570,245678.67404658333,5182501.372678995,90.03451473156072,-0.016546903494975795,-0.09090320295554903,0.744581137567283,0.661106449262266,1.188,18.0
1690300571,245679.44774971862,5182500.089516646,90.92876002700513,0.008248744577936784,0.9944160537708584,0.0677506489099825,-0.08048925262392108,1.229,18.0
1690300572,245680.3025657341,5182498.947259489,90.0252648943505,-0.058492849377124276,-0.10055779354181334,0.7378154239788082,0.6649023363387428,1.229,19.0
1690300573,245681.16340786178,5182497.702403501,90.9312643764123,0.006809129725130869,0.9973136141571483,0.04901032800111554,-0.054010911105223505,1.229,19.0
1690300574,245682.14456463308,5182496.46899261,89.99479650819214,-0.018956854924382892,-0.0715706458625689,0.724655305785517,0.685122593481699,1.229,20.0
1690300575,245683.0470074611,5182495.2935471395,89.966397965881,-0.02038295525046443,-0.06662099632280051,0.7252720827342398,0.6849281597295829,1.189,20.0
1690300576,245684.01837269968,5182494.155264025,89.92177259709366,-0.04087766529780354,-0.03829977142963181,0.7148499221243922,0.6970306541515869,1.189,21.0
1690300577,245684.98187482904,5182493.068699852,90.852046900199,0.006309929843459515,0.9955210857674266,0.06631540071140109,-0.06708368062577413,1.202,19.0
1690300578,245685.97429720714,5182491.986637531,90.85922992739023,0.006406629879905314,0.9967639333582524,0.057371871061337995,-0.05593822182272507,1.202,19.0
1690300579,245687.017110521,5182490.859134179,90.83780483359227,0.0032327786891567798,0.998954574217978,0.032886008233920475,-0.03158826132227008,1.188,20.0
1690300580,245687.99907914113,5182489.83857573,90.77551206716487,0.0033793411169192877,0.9994127793915293,0.024624174910238515,-0.02358657356430048,1.188,21.0
1690300581,245689.12276071994,5182488.821198811,89.93242956598085,-0.023407762686275726,-0.058613955655316095,0.676876116346902,0.7333861220173141,1.188,19.0
1690300582,245690.1156913526,5182487.81436325,90.84698831639308,0.004434735578742521,0.9983177338082665,0.04237924261847955,-0.039319655127656526,1.188,19.0
1690300583,245691.14664043408,5182486.808813758,90.86104046650797,0.0022476326121874113,0.9996859647361113,0.018276401521409323,-0.016996858671512925,1.252,20.0
1690300584,245692.28714201515,5182485.691416722,89.9997642778083,-0.007519297736691402,-0.057921087053275255,0.6728269576963593,0.73749067304826,1.252,20.0
1690300585,245693.43432246125,5182484.657113219,90.81163862954513,0.0005485845004880031,0.9999595869543841,0.006576514409904992,-0.006105159398392778,1.252,20.0
1690300586,245694.52857489916,5182483.668641161,90.81301775208576,0.004343277400630563,0.9975474843530208,0.05110548353952268,-0.04762753357641533,1.252,20.0
1690300587,245695.5910010619,5182482.668193618,90.78235063911947,0.0032629694127984665,0.9986781807194718,0.037730679350627454,-0.034751118272615386,1.199,20.0
1690300588,245696.69683366595,5182481.643698645,89.86592525081495,-0.03157717524871567,-0.052083264347631573,0.6738801487724756,0.7363258522343166,1.199,18.0
1690300589,245697.78556833163,5182480.640036631,90.80038831103519,0.9954665814429731,0.0045501076379420025,-0.06951135375563866,0.06475919587041291,1.252,17.0
1690300590,245698.9256735083,5182479.6290378915,89.79098161119622,-0.060590879993579747,-0.0537120236757541,0.6896650430758883,0.7195873068178676,1.252,17.0
1690300591,245699.99376385272,5182478.569312506,89.74442682674162,-0.03394621280357311,-0.04455220329892061,0.670579161722045,0.7397204496846532,1.294,17.0
1690300592,245701.0073850391,5182477.579658081,90.70990209513889,0.0031950580953471483,0.9983676739735032,0.04165807928796928,-0.03894077038967421,1.294,17.0
1690300593,245701.95045714916,5182476.621190336,89.84048504758455,-0.004425742116404216,-0.07668052615539336,0.6852858650653701,0.7242125329327422,1.346,17.0
1690300594,245703.0096780084,5182475.662746811,89.90971600655165,-0.00107834119327091,-0.0996521951288008,0.6741308604173135,0.731857814209355,1.346,17.0
1690300595,245704.11035546157,5182474.603986682,90.8081369236873,0.00562198511952644,0.9971489272249989,0.05432970510153416,-0.052064319460931444,1.434,17.0
1690300596,245705.10758557633,5182473.538593525,90.81767822643529,0.004034878377873974,0.9987963080972603,0.034506684947424905,-0.034625761821193146,1.434,17.0
1690300597,245706.11337356488,5182472.397735874,90.84708664520191,0.0035098881956256442,0.997315325945815,0.05184628028452161,-0.051592485296852196,1.294,17.0
1690300598,245707.04979535282,5182471.333336034,90.78912656404287,0.0008240105141686938,0.9999605336180706,0.006148107921101667,-0.006360265869186199,1.294,17.0
1690300599,245707.99664169713,5182470.198383471,89.95251070285681,-0.03155461928560763,-0.07853999318414014,0.7155924917442221,0.6933708684619444,1.252,18.0
1690300600,245708.9365576979,5182469.0849021645,89.98306141162011,-0.026490185490320294,-0.08449471463553446,0.7190710093139547,0.6892719324298345,1.252,19.0
1690300601,245709.8671218727,5182467.910339843,90.88593546308788,0.006474536282927823,0.997020329464251,0.051982796646233655,-0.05662448116984167,1.346,18.0
1690300602,245710.76497685496,5182466.74113921,90.90965630445316,0.005770625427631682,0.9978989360693394,0.043681342558274806,-0.04750109036812803,1.346,17.0
1690300603,245711.62769326416,5182465.554592191,89.99269087916912,-0.03868449288801554,-0.07406962367933034,0.7319397477244103,0.6762258546958452,1.434,16.0
1690300604,245712.470619372,5182464.301385862,90.02823922444809,-0.050415198241179245,-0.08118688651602701,0.7561558255818654,0.647375752312939,1.434,16.0
1690300605,245713.24324264293,5182463.1143360995,90.09415611650398,-0.012639833957571319,-0.11635912362655154,0.7578296792556529,0.6418683402269192,1.59,17.0
1690300606,245714.02751786922,5182461.777481707,90.98263176551976,0.005972308487532385,0.9961638404197417,0.05490137178339664,-0.06788058594195054,1.59,17.0
1690300607,245714.74934964787,5182460.44582263,90.03293576768885,-0.047415579825644864,-0.07567738156846367,0.7863203396851102,0.611330532614094,1.405,17.0
1690300609,245715.93906250008,5182457.664739386,89.9109843184403,-0.12540572110320072,0.04619407052020185,0.8149030730514611,0.5639791614010626,1.405,17.0
1690300610,245716.48361484456,5182456.267480835,91.17231309209248,0.993606322204673,-0.014704204651535104,0.06260369442739666,-0.09279569108805807,1.405,18.0
1690300611,245716.98390896607,5182454.853589435,89.93288879806248,-0.11751277072230745,0.0672001636245079,0.8295734186456739,0.5417405558037308,1.27,20.0
1690300612,245717.46390866375,5182453.47418171,89.9286261179763,-0.11766562053061105,0.03681397938043,0.8380107247258275,0.5315426209739129,1.27,20.0
1690300613,245717.89196486628,5182452.237519271,90.0986761486419,-0.05085488588220761,-0.10500814574902101,0.8396332758416916,0.530474346229495,1.27,20.0
1690300614,245718.2971121674,5182450.607075705,89.93696035782024,-0.12530384350728554,0.04180459460904411,0.8437754551105909,0.5201867972419046,1.27,20.0
1690300615,245718.7995263809,5182449.212827113,91.19301181348871,0.9965912257034913,-0.010770375665704105,0.0453568158143134,-0.06806384589500353,1.2,20.0
1690300616,245719.35095691646,5182447.811783939,91.19870533443802,0.9930615589991763,-0.016604413489843598,0.06538940143914829,-0.09631853233004445,1.2,20.0
1690300617,245719.93750937484,5182446.445285184,89.9128106363998,-0.1428621747748769,0.050439670280747036,0.8142598781407673,0.56038120019389,1.27,19.0
1690300618,245720.52656464686,5182445.076826736,89.89660735717253,-0.13962109482315505,0.05027942399339278,0.8121256342881722,0.5642959184109968,1.27,21.0
1690300619,245721.10323958241,5182443.710576945,89.89084173775758,-0.1397561269085408,0.051200576121145085,0.8149983033238878,0.5600218670512528,1.217,21.0
1690300620,245721.6737795136,5182442.336916638,91.14948678212244,0.9940079091498355,-0.014794141937197799,0.06120353257895722,-0.08935064360020545,1.217,21.0
1690300621,245722.25519597734,5182440.924823286,89.84577290806426,-0.14891608727612535,0.0611696076074098,0.811447445548547,0.5618143120002042,1.168,21.0
1690300622,245722.84315205985,5182439.571971775,89.84930720006487,-0.14590036381885285,0.0473498715929457,0.81477525490481,0.559117480939793,1.168,22.0
1690300623,245723.4013149253,5182438.213121231,91.1055463466274,0.99635373650299,-0.012062279497579872,0.047603725044962394,-0.06976832040185886,1.168,21.0
1690300624,245723.95913532368,5182436.829813679,91.08554510435015,0.9944820996522254,-0.014396233112003443,0.05821716537293979,-0.08607475587781685,1.168,22.0
1690300625,245724.51222912982,5182435.471260767,89.8167395481463,-0.1362161862977659,0.049486961133409946,0.8222465628367123,0.5503696768277532,1.168,22.0
1690300626,245725.041277456,5182434.095583565,89.80310238608395,-0.1342841200909339,0.05350417940764844,0.8218934544775489,0.5509956690975703,1.168,23.0
1690300627,245725.54885992795,5182432.698749945,89.80173936866154,-0.14200762695379499,0.05583327784204715,0.8238028848635374,0.5459535565072161,1.131,23.0
1690300628,245726.0744566301,5182431.305805839,91.07154812712419,0.9946643406195957,-0.014668718566574035,0.056366667421459085,-0.0851497328193002,1.131,23.0
1690300629,245726.59921148414,5182429.919907296,89.78519418199119,-0.14934922773865758,0.047230491118025325,0.80888274329362,0.566721092323556,1.132,23.0
1690300630,245727.21607434496,5182428.85826377,90.83164906339663,0.003460614589747224,0.9994834456818392,0.019473684453173143,-0.025330644848437195,1.132,24.0
1690300631,245727.93015031258,5182427.522221993,90.82994182692727,0.0030944718665720794,0.9994936853990974,0.019861610423909645,-0.02466401270203207,1.112,24.0
1690300632,245728.73223579704,5182426.27447079,90.82645552199718,0.0024436382584732135,0.9996494389685142,0.01740437855417495,-0.01980190417963772,1.112,24.0
1690300633,245729.64900787795,5182425.089673235,90.84645279330952,0.0025495822425886665,0.9995390070325659,0.020730032893254192,-0.02203494467851268,1.112,24.0
1690300634,245730.66115411633,5182423.92567947,90.8717940776239,0.0028311003999724194,0.9990616315421864,0.030661904689962226,-0.030457985021559525,1.112,24.0
1690300635,245731.6774380611,5182422.7623207895,90.80199486610587,-0.0005991628822256679,0.9999587865817807,-0.006528393417419385,0.006280622669815134,1.112,24.0
1690300636,245732.73214651403,5182421.831749939,89.92839179233651,-0.03949611988060208,-0.08892999314539408,0.6832643685807496,0.7236582863903978,1.112,24.0
1690300637,245733.80391306573,5182420.7116031675,90.81093220429555,0.0012406736278881558,0.9998049611508398,0.014458394072128102,-0.01339609002552438,1.112,24.0
1690300638,245734.90660172718,5182419.688821148,89.92307351344877,-0.005900011346980165,-0.07082245259619271,0.6728792627358587,0.7363306783330522,1.112,23.0
1690300639,245736.02003801792,5182418.694346148,89.89883918144518,-0.022876502235391838,-0.06676374001377997,0.6676195622510277,0.7411500447038997,1.132,23.0
1690300640,245737.14131168206,5182417.64334988,89.87139504429042,-0.012425476901142792,-0.04651158933275801,0.6638606918466963,0.7463050726092819,1.132,23.0
1690300641,245738.2688261482,5182416.648746284,89.85236611389936,-0.009801462467674665,-0.05865791576531786,0.658512668121942,0.7502161329740149,1.132,23.0
1690300642,245739.37753340398,5182415.706441608,90.72164487290077,0.002294273153725934,0.9992132190518728,0.029587022078808086,-0.02631135319968263,1.132,23.0
1690300643,245740.49974165225,5182414.744833261,90.71148891586037,0.0017163729015494118,0.9994960298795397,0.023692043916607175,-0.021057715311843743,1.132,22.0
1690300644,245741.6214944247,5182413.803889087,90.70918586192062,0.0028627904783636864,0.9988682499216438,0.03559544978451843,-0.03141636012951884,1.132,22.0
1690300645,245742.7679940504,5182412.839746456,90.71032908118991,0.003950527806717786,0.9973324707534553,0.054599404948107944,-0.04828292752277114,1.153,22.0
1690300646,245743.70872149593,5182412.001495692,89.79816139525377,-0.0242200628131316,-0.05921323821697413,0.6610641490182011,0.7475970651761746,1.153,21.0
1690300647,245744.41675798944,5182411.362658463,90.7019204917294,0.0028157143962465603,0.9985535923336626,0.04032436281913743,-0.035450539533372016,1.201,21.0
1690300648,245745.13005560797,5182410.7530154325,89.79466203814708,-0.025117656877792365,-0.06387721127360435,0.6608298491759432,0.7473906044572525,1.201,20.0
1690300649,245745.86778507824,5182410.116609316,90.67778254028963,0.0015580895293758614,0.9996113642902271,0.020841823863383527,-0.018447523326914444,1.201,20.0
1690300650,245746.62685001598,5182409.473292191,89.79261951631717,-0.021705860485889558,-0.06895829103609906,0.6634708857427243,0.7447012780234182,1.201,20.0
1690300651,245747.4079771776,5182408.789116915,90.68565451878953,0.0020199572056398,0.9995507925360863,0.02233669610003446,-0.01987976158569482,1.201,21.0
1690300652,245748.186010542,5182408.075587938,90.68259165322974,0.002840773292850318,0.9990391020761641,0.032793314307785204,-0.028937882898744424,1.201,21.0
1690300653,245748.97932849915,5182407.3500052225,90.69716799902885,0.002010467563624496,0.9993447259014646,0.02687352325441604,-0.02416382794585049,1.201,21.0
1690300654,245749.76200571423,5182406.628267328,89.77719516483413,-0.026308759166572725,-0.06272905316313765,0.6754529390417041,0.734258974899385,1.201,21.0
1690300655,245750.5188974908,5182405.934209712,90.65073581171683,0.002029858594472578,0.9996306525885464,0.01999153850172831,-0.018296897764841998,1.201,20.0
1690300656,245751.30351634102,5182405.185253531,89.76796899423513,-0.020575720681258833,-0.06276658625499024,0.676308139117862,0.7336513452119313,1.201,21.0
1690300657,245752.0830468848,5182404.431664032,90.63728235934582,0.0016907122967755321,0.999677525125332,0.018588759447671434,-0.017217586166978143,1.219,21.0
1690300658,245753.1412186232,5182403.403343867,90.63619736969999,0.0013902602166127043,0.9997898863416169,0.014842408460666659,-0.014069586228225878,1.219,21.0
1690300659,245754.24114489096,5182402.342286194,89.71706818486415,-0.021489149767904305,-0.06240565967233499,0.6885349656901436,0.7221934305331128,1.219,20.0
1690300660,245755.2836636888,5182401.2753705485,90.53744528754781,0.00010640809394524277,0.9999987209836326,0.0011611751018765911,-0.0010947058048619773,1.219,18.0
1690300661,245756.32375464583,5182400.219173854,90.5517405208842,0.003050656329512902,0.9988353912608252,0.03479295222479416,-0.03328671110633541,1.272,18.0
1690300662,245757.32106680886,5182399.152554356,89.64536890500456,-0.022559828010725938,-0.055271154532540584,0.694629318189942,0.7168865070202834,1.272,18.0
1690300663,245758.3609324239,5182398.04452224,89.63413590562709,-0.035294908487454174,-0.03695788689188584,0.6905126894689845,0.7215127231821061,1.239,20.0
1690300664,245759.39301782704,5182397.018551248,89.65196710811603,-0.04600160045326844,-0.06326436368770681,0.7003050582396187,0.7095451348906083,1.239,18.0
1690300665,245760.29321990354,5182395.981384238,89.7453348380581,-0.01314777056337128,-0.09422690960394746,0.7044592651029024,0.7033388724124248,1.391,19.0
1690300666,245761.2905969419,5182394.795238139,89.73097003016368,-0.02192298190608066,-0.06965064478628086,0.7030768136635872,0.7073550484967633,1.391,18.0
1690300667,245762.1809917188,5182393.820301299,90.6899095917888,0.00890874691531074,0.9955042405526163,0.06593826335533377,-0.06740984123880146,1.318,18.0
1690300668,245763.08180425208,5182392.649621517,90.71459430504467,0.002828510810855445,0.9993837771305604,0.02448132079062822,-0.02499460876256816,1.318,18.0
1690300669,245764.06756617108,5182391.578338948,89.8586002620171,-0.00979796257900142,-0.0713550278626538,0.6926390795308973,0.717679291490713,1.404,18.0
1690300670,245765.10393242634,5182390.590197472,90.74303850432301,0.0011413025678081443,0.9998383435333,0.013341995305976313,-0.01199897455163403,1.404,20.0
1690300671,245766.17147327043,5182389.748905939,90.78432359099727,0.0019364585410628354,0.9993115550032021,0.028956125148983207,-0.02311296133681833,1.201,20.0
1690300672,245767.37003611698,5182388.98555595,90.80784648743538,0.002703123760032788,0.998885955193398,0.03804687969432884,-0.027784466610612527,1.201,18.0
1690300673,245768.6125551072,5182388.311898793,90.81857263274597,0.0021891343640957905,0.9993558216429848,0.029796225954311965,-0.019883016820649906,1.255,19.0
1690300674,245769.90288649718,5182387.690331332,89.92909653783546,-0.003057057775666259,-0.026590555499649948,0.5258083601040483,0.8501818424317634,1.255,19.0
1690300675,245771.30290986766,5182387.196374436,90.81506899470371,0.999747753624866,-0.0004901638746319659,-0.019377316726552938,0.011344975006109355,1.346,19.0
1690300676,245772.68900123634,5182386.80992832,90.82332752917414,0.9999157336357525,0.00023807573697309792,-0.011572187286623598,0.005878216483055067,1.346,19.0
1690300677,245773.98084632016,5182386.571258236,89.96440723122825,0.007900104184622544,-0.07099345705346356,0.41225623004708006,0.908263352886617,1.272,19.0
1690300678,245775.27725597293,5182386.398597491,90.00149426214367,-0.004502901837735935,-0.027808676670189873,0.39411028345219384,0.9186313111657602,1.272,18.0
1690300679,245775.98716931033,5182386.329831046,90.95224409162782,0.9995631749749333,0.0006447896993070359,-0.02724708331183485,0.01142978264327787,1.346,18.0
1690300680,245775.9614363779,5182386.350984274,89.98870440014204,-0.015912932361839265,-0.020714318954896248,0.3964819518379521,0.9176708328374888,1.346,20.0
1690300681,245775.94535841304,5182386.3552689,90.93952328084214,9.660109075815271e-05,0.9999307378301192,0.010747314910272669,-0.004796397915352807,1.202,20.0
1690300682,245775.94883485846,5182386.352767386,90.94415577674926,0.00015268334219525892,0.9999018601189666,0.012811727019096587,-0.005666257072856976,1.202,20.0
1690300683,245775.95668419727,5182386.347174589,90.93571775608898,0.00026320305686267087,0.9998203414255491,0.01738133266254068,-0.007556776477005816,1.255,20.0
1690300684,245775.9508862955,5182386.35804063,90.92785031783052,0.00019272050245294775,0.9999451703552952,0.009556155050161734,-0.004277738022017834,1.255,21.0
1690300685,245775.95221801873,5182386.353999706,90.93241832577115,3.698700173637714e-05,0.9999975785154853,0.00201261507688312,-0.0008893681350456461,1.188,21.0
1690300686,245775.95710363684,5182386.353536723,90.92795696531718,0.0001448288080098115,0.9999757133462194,0.0063729933033002785,-0.002817214704674224,1.188,20.0
1690300687,245775.95431979306,5182386.348478266,90.93473499091417,0.00025677583728411785,0.9998900053287676,0.013562959393113284,-0.00599645247685965,1.255,20.0
1690300688,245775.95699884364,5182386.35037469,89.99068431517463,-0.008538199804426215,-0.017896923494694537,0.40387700345634275,0.9145983628635304,1.255,20.0
1690300689,245775.95544610574,5182386.357608871,90.00029101316784,-0.0003051907450789519,-0.01948605317623975,0.4004803059590654,0.9160980979835922,1.255,19.0
1690300690,245775.9556672233,5182386.353916342,89.99637397806158,-0.008713209027763217,-0.016771727651122666,0.40364893585484674,0.9147187139898718,1.255,20.0
1690300691,245775.9581664752,5182386.349546505,89.99560870236833,-0.008130905636277035,-0.018498898920190996,0.40065428468325653,0.9160064537312074,1.209,20.0
1690300692,245775.9589541944,5182386.345797711,90.93798133960779,0.0004177445431249872,0.9997305219656937,0.021266832233439375,-0.009296815930908968,1.209,20.0
1690300693,245775.95745206185,5182386.352342278,90.9405868059961,0.0002894525264753867,0.9998460085725218,0.01606866800431362,-0.007047926460929188,1.158,20.0
1690300694,245775.9541286058,5182386.350686091,89.99602238372832,-0.00769984128131566,-0.015349733517941139,0.4022091551869748,0.9153867453753909,1.158,21.0
1690300695,245775.9547909923,5182386.345851078,90.93838730460423,0.0003530248585982832,0.9997740652816044,0.019458485679717225,-0.008547578534049548,1.231,20.0
1690300696,245775.95582145246,5182386.349814226,90.94399673772432,0.00023292948602809943,0.9999010603943037,0.012875983790447253,-0.0056589935173774,1.231,20.0
1690300697,245775.96119341336,5182386.349647713,90.95241973868157,0.0004162283498765351,0.9996904940969336,0.02279935964116497,-0.009946454953520608,1.181,20.0
1690300698,245775.96313268607,5182386.356809698,90.94864361178331,0.00046802504402948547,0.9997167891161015,0.021793707043622712,-0.009547609399589412,1.181,20.0
1690300699,245775.96183316194,5182386.340904042,89.98889003089164,-0.023948081653864133,-0.012249355155170978,0.40047630870511425,0.915912205863263,1.181,21.0
1690300700,245775.9529832946,5182386.356642801,89.99885839480987,-0.009747735218521654,-0.01804830982014316,0.4065443366916602,0.913400756773654,1.181,21.0
1690300701,245775.95789856423,5182386.33690111,89.99052420202862,-0.018015684581781873,-0.01762914039824608,0.40071826059404386,0.9158545321962176,1.181,21.0
1690300702,245775.96023736286,5182386.347779878,90.9402661572761,0.0006280550736749154,0.9995942896429141,0.026037172038978613,-0.011529411620501986,1.181,22.0
1690300703,245775.95942106043,5182386.348909151,90.94389024333603,0.00037596513738274995,0.9997606033565388,0.020039524457284706,-0.00877565301905799,1.158,20.0
1690300704,245775.96245022738,5182386.351566727,89.99459180548904,-0.008868081058956237,-0.018202534349957913,0.4004001413494708,0.9161166692561021,1.158,20.0
1690300705,245775.96415906015,5182386.352701606,90.0100854859598,-0.012150449757317508,-0.022307487052691064,0.4031837128265673,0.9147664381160215,1.182,20.0
1690300706,245775.96343540758,5182386.354290603,90.94194321286278,0.0005509935492054029,0.9997382181598307,0.02093115918599302,-0.00922378077829634,1.182,20.0
1690300707,245775.9587647072,5182386.350751511,89.99910316357993,-0.012340252080855388,-0.01722710592710558,0.40267785509969634,0.9150964375475763,1.182,21.0
1690300708,245775.9647292937,5182386.353175896,90.94761716275572,0.0005863392630010014,0.9996642014848917,0.023709586401170532,-0.010440114392480654,1.182,21.0
1690300709,245775.96077480054,5182386.32979457,90.95421610579989,0.999410585816755,0.0007569795042957629,-0.03144269479445867,0.01375735743168476,1.182,21.0
1690300710,245775.964889535,5182386.334853397,89.99134114295443,-0.019120712607617878,-0.020022771866382204,0.3991317025017464,0.9164755157745464,1.182,21.0
1690300711,245775.96086463344,5182386.342020559,90.93652288578839,0.0004877128590031199,0.9996996675713932,0.02245797651678557,-0.00979673846668477,1.182,21.0
1690300712,245775.9625815206,5182386.340356383,89.99294174417527,-0.012647365727971944,-0.018325391341953927,0.39776052921111116,0.9172190499406366,1.182,22.0
1690300713,245775.96246103285,5182386.337678029,89.99035444225512,-0.012176631063108454,-0.018782579448535234,0.3970609267108704,0.9175192449451496,1.155,22.0
1690300714,245775.96149571598,5182386.33586108,89.99017368147338,-0.013163572446871006,-0.01723551936382803,0.39743852770000176,0.9173724837449345,1.155,21.0
1690300715,245775.9675984794,5182386.344207428,90.9432996179871,0.0007327323760899507,0.9994796415013327,0.029554855397507095,-0.012900381779816223,1.155,20.0
1690300716,245775.9586811693,5182386.346891355,90.93812115347578,0.00038451054756455383,0.9997852668300321,0.018972432862154835,-0.008325813625789416,1.155,21.0
1690300717,245775.95812507873,5182386.357868508,89.99744185706899,-0.006118984871004354,-0.019617309271495003,0.4039220276344959,0.9145625811242948,1.258,20.0
1690300718,245775.95803171702,5182386.344011099,90.94624679320472,0.0005178998282833193,0.9994968662516075,0.02903180879755413,-0.012763236694760025,1.258,20.0
1690300719,245775.956532635,5182386.348154245,89.99108598033708,-0.011367340587150993,-0.016473067504522352,0.40288983601718803,0.9150296179080819,1.221,20.0
1690300720,245775.9609212605,5182386.344193763,90.9504043953956,0.0006108088127210197,0.9994339100742602,0.03078203416521565,-0.013562915575986802,1.221,20.0
1690300721,245775.9636812284,5182386.353035279,90.0022708581795,-0.012411390456811286,-0.02165941429563289,0.4021958881543059,0.9152132509481425,1.221,21.0
1690300722,245775.96011373342,5182386.357780637,90.94288502600052,0.0004069563007335076,0.9997704684791177,0.01958526748212355,-0.008675369805874918,1.221,21.0
1690300723,245775.95601424223,5182386.355149,89.99918473474078,-0.01124219927149728,-0.019021471848507596,0.4062597289248996,0.9134904647658472,1.221,21.0
1690300724,245775.95260917596,5182386.356553387,90.93869850522374,0.00033377579728444134,0.9998528903824426,0.01566115121584388,-0.00698673959633173,1.221,21.0
1690300725,245775.95331143576,5182386.348362491,89.9880947313397,-0.01482913447217273,-0.018104709850137773,0.4059356385316956,0.9136019776806052,1.221,21.0
1690300726,245775.962390784,5182386.349610883,89.99767481429275,-0.011230360052577345,-0.0226887604308754,0.40119556135682755,0.9156425179680003,1.221,21.0
1690300727,245775.96622554073,5182386.342233157,90.00062279326472,-0.01857906649112145,-0.021950882527401377,0.4019792734873704,0.9151970502198707,1.221,21.0
1690300728,245775.96306355472,5182386.34893966,90.0005889338923,-0.009915815184885041,-0.022602038331389,0.39990074635619266,0.9162260733772237,1.221,21.0
1690300729,245775.95990214596,5182386.348905276,89.99137804154428,-0.006949408395173974,-0.019543411277074242,0.3986210405968793,0.9168811410385064,1.221,22.0
1690300730,245775.97127632613,5182386.330176396,89.98470268789836,-0.02415438103858562,-0.020285823558075258,0.396820469449543,0.9173541117066287,1.221,22.0
1690300731,245775.96334258618,5182386.341636553,89.99764225363825,-0.012824043198477677,-0.024224475838067434,0.39943671066167713,0.9163509332467525,1.156,22.0
1690300732,245775.96495599195,5182386.338809929,90.93596110960897,0.0006793565503209197,0.9995160199662203,0.028517872598252968,-0.012409482182339403,1.156,22.0
1690300733,245775.96358320728,5182386.350931713,90.93411911087853,0.0002023107954370329,0.9999595425012033,0.008255742467174695,-0.003565830540256495,1.156,22.0
1690300734,245775.9613371223,5182386.350395257,90.93587051048996,0.0004109066470146528,0.9998328467316154,0.0167417286951799,-0.007336502748481384,1.156,21.0
1690300735,245775.96290497654,5182386.351897853,89.99886739346185,-0.012106364991879347,-0.018659667797329145,0.3992293090815347,0.9165812628974351,1.222,20.0
1690300736,245775.96454159293,5182386.353481354,89.995951610821,-0.011566549420886123,-0.020348323793366516,0.40051985925040307,0.9159890845415855,1.222,21.0
1690300737,245775.96471890446,5182386.366647127,90.93375023673876,0.0001674094650795377,0.9999805198373635,0.005710506204756492,-0.0025143664714941706,1.258,20.0
1690300738,245775.96003746556,5182386.357768233,89.99688066369748,-0.014492662756781736,-0.02262622935017018,0.40588668382547805,0.9135283336409267,1.258,20.0
1690300739,245775.95450708925,5182386.363388815,90.9269664935047,0.0002824674629139379,0.9999445049783681,0.00961134765144491,-0.004304552476379745,1.222,20.0
1690300740,245775.95585311408,5182386.369006978,90.00426136111412,-0.004276702157817979,-0.025360125672702665,0.4089787077717908,0.9121814460039375,1.222,20.0
1690300741,245775.96123898678,5182386.355840035,90.93548621729403,0.0005655198551872686,0.9997053868521634,0.022203579728463062,-0.00978880653100942,1.222,21.0
1690300742,245775.95550179432,5182386.359344506,89.99906384580322,-0.01562742860950609,-0.021251618240995224,0.4087669509111768,0.9122574921807841,1.222,21.0
1690300743,245775.9630936731,5182386.349957323,90.00257850306194,-0.015541529279769754,-0.025170690969236607,0.4036562714841579,0.9144323439573236,1.222,21.0
1690300744,245775.96595983068,5182386.345164724,90.94191662913565,0.0008908590341139558,0.9992786890723702,0.03475875777483229,-0.015268814424747191,1.222,21.0
1690300745,245775.96368776227,5182386.357268936,90.00353600571873,-0.009107770882698839,-0.02528520558567752,0.4032803894755699,0.9146817120465845,1.222,21.0
1690300746,245775.9661597907,5182386.359799891,90.0048174212488,-0.010106919546171371,-0.0259988314972249,0.40380473773606534,0.9144198405108966,1.222,20.0
1690300747,245775.96182093146,5182386.355009172,90.00489309884857,-0.013524396633950553,-0.02218351392718889,0.4049984164502363,0.9139481741752815,1.258,21.0
1690300748,245775.9643844192,5182386.35897873,90.94175917788233,0.0005498490811515211,0.9997484441605129,0.020491226984511828,-0.00910250961500476,1.258,22.0
1690300749,245775.96458438493,5182386.352143732,90.00021382711896,-0.013491923645323464,-0.019654611885083117,0.40202068402606334,0.915320181053172,1.193,21.0
1690300750,245775.9602426378,5182386.353507646,90.00118408696304,-0.012709774497019771,-0.02051424472158795,0.402802001392135,0.9149689475988942,1.193,21.0
1690300751,245775.96661429983,5182386.349016203,90.9482226234565,0.0008449462639717462,0.9991552945648492,0.037593786358385416,-0.01657379365385477,1.157,21.0
1690300752,245775.96705615844,5182386.354779835,90.94612467752083,0.0007643538273210405,0.9994862417243593,0.029311113110580093,-0.01294322275019609,1.157,21.0
1690300753,245775.96685452113,5182386.352003436,90.93956064293356,0.0006036667511326587,0.9996555182863047,0.024038486664907426,-0.010518151218460293,1.157,22.0
1690300754,245775.9681782222,5182386.360422433,90.94101761587189,0.0006903843736142944,0.999641075007824,0.02451389121799502,-0.010784881268292091,1.157,22.0
1690300755,245775.9749721773,5182386.347640946,90.0019555042581,-0.01743000678361831,-0.02679034183708617,0.39906302709219027,0.9163662874941401,1.157,22.0
1690300756,245775.96611700454,5182386.356589813,90.00408930113463,-0.013208126895351429,-0.026406595511995142,0.4034009467992411,0.9145468348963097,1.157,22.0
1690300757,245775.96579568222,5182386.357878696,90.00598048222462,-0.010467014220702002,-0.02625874921740004,0.4018201234834128,0.9152822013273372,1.157,22.0
1690300758,245775.9705374841,5182386.354071775,90.0141034970809,-0.012922187557817667,-0.02857921765734699,0.399226633277588,0.9163156337576354,1.157,22.0
1690300759,245775.97424461093,5182386.345191157,90.9327958911793,0.0013227106354405938,0.9990074278126863,0.040806273896439704,-0.017811727101663274,1.157,22.0
1690300760,245775.96795469793,5182386.358657677,90.0126451463775,-0.010525843468955855,-0.029911520317745053,0.403058725074099,0.9146246069908627,1.157,22.0
1690300761,245775.97208712014,5182386.3530232245,90.92709617061935,0.0005487321010210766,0.9998102638824466,0.017863643467621745,-0.007747604175195495,1.157,22.0
1690300762,245775.972162497,5182386.353260583,90.00820312832559,-0.0124639035969855,-0.031234662912690992,0.40201045642417366,0.9150172893806342,1.157,22.0
1690300763,245775.96503692298,5182386.347497742,89.99890380465642,-0.0179484792787909,-0.025886513105085784,0.40290416041017674,0.914699938807809,1.157,22.0
1690300764,245775.96598313705,5182386.355208411,90.93346246970644,0.0008706919677751724,0.9994958751071193,0.029017764264391326,-0.012853283488942326,1.157,21.0
1690300765,245775.9636759214,5182386.3676183,90.92289684044806,6.503891799813921e-05,0.9999975490343207,0.0020247237680162903,-0.0008934142119512711,1.223,21.0
1690300766,245775.97480134832,5182386.349841602,90.93379138878612,0.0009405797641523492,0.9995717316643263,0.026795814634225236,-0.011724030253095371,1.223,21.0
1690300767,245775.97256404447,5182386.345273179,90.93463108653276,0.001067728059071349,0.9991630269939674,0.0374654256067885,-0.01638436233566804,1.223,21.0
1690300768,245775.96603497132,5182386.35137852,90.93182222633568,0.0005634920578553303,0.9997292625716433,0.02131127174660089,-0.009322753413097075,1.223,21.0
1690300769,245775.96962509854,5182386.3531694645,90.92977598491866,0.0006075627073409695,0.999762265520057,0.01996003512853746,-0.008754445009664161,1.223,21.0
1690300770,245775.96507382154,5182386.356537368,89.99478793487891,-0.011268525199849016,-0.028889703869964593,0.4037377295496671,0.9143490860104831,1.223,22.0
1690300771,245775.90676235253,5182386.396605936,89.9987304192093,-0.022867527169426874,-0.03006620154365477,0.45864428494504467,0.8878167151012311,1.157,22.0
1690300772,245775.81870853095,5182386.472007182,90.93267658878561,0.0019234378232965699,0.9986635676315245,0.0438315674281411,-0.02731616314945958,1.157,22.0
1690300773,245775.55539431528,5182386.679078864,90.02563163618464,-0.03714759835166931,-0.09080153889966368,0.7333819089966029,0.6727006109902488,1.157,21.0
1690300774,245775.24992664316,5182386.617867279,90.93196891311298,0.013518517496336202,0.9944956236801841,0.04467286265110865,-0.09380852577574232,1.157,20.0
1690300775,245775.05840886876,5182386.3143003145,89.95403529582558,-0.05960097064186813,-0.1698757021435306,0.9808664905719782,0.07410059239170098,1.257,20.0
1690300776,245775.15168301525,5182385.78547113,89.87871902273403,-0.05120254971154621,-0.17718385491080488,0.9203114689333558,-0.34497968144763597,1.257,21.0
1690300777,245775.44565891294,5182385.575276869,91.08770062839709,0.012120053422350563,0.9954747692625049,-0.06412274902149909,-0.06907503980981733,1.202,21.0
1690300778,245775.19163055278,5182386.275499098,91.0953467021353,0.01609519116570685,0.9930950220477458,-0.09416019670589866,-0.06809610386529576,1.202,20.0
1690300779,245774.76161701287,5182387.074262482,89.7911712554479,0.08066078777618171,0.1594376804251742,-0.6243609349564321,0.7604254639846668,1.24,20.0
1690300780,245774.1255242645,5182388.171522613,91.06836286067282,0.010752116586132898,0.996062721928306,-0.06913780516110199,-0.054437210354664145,1.24,20.0
1690300781,245773.38906061178,5182389.527717855,91.06984395719674,0.014937898226085045,0.9945241634153464,-0.08198508147660355,-0.0630634124898683,1.202,20.0
1690300782,245772.7050262393,5182390.921387164,91.0674112360106,0.02477555030401568,0.9887971783639937,-0.11557601157180088,-0.09115096113422426,1.202,19.0
1690300783,245771.87782609704,5182392.1047290955,91.02707763872732,0.013063815477895037,0.9957439962528272,-0.07109228355597251,-0.05717620020958491,1.202,19.0
1690300784,245771.20258370214,5182393.305585898,89.74174548080988,0.07380743004857922,0.12482264035220517,-0.6322768376326893,0.7610504400618491,1.345,19.0
1690300785,245770.32099995622,5182394.48721184,89.7917627861992,0.06109483434052829,0.1134328916773714,-0.6564713785559984,0.7432669301397715,1.345,19.0
1690300786,245769.3880114405,5182395.713406813,89.79423722454662,0.020949332232548645,0.1342553623279071,-0.6615314935361647,0.7375043770887221,1.345,18.0
1690300787,245768.43560578892,5182396.929515207,91.00712697570268,0.01903220663936822,0.990235728740735,-0.0972258505366945,-0.09807196655088701,1.345,17.0
1690300790,245765.2313092421,5182400.0744430125,90.99858928071336,0.01750619922532942,0.9931164365856363,-0.07815528485377166,-0.08546945548882658,1.345,16.0
1690300791,245764.1065206546,5182401.060664123,89.74686618229532,-0.04975139016408339,-0.11145513013019882,0.7805128299878673,-0.6131086978413632,1.498,16.0
1690300792,245762.94984260373,5182402.01970724,89.68450957901169,-0.07538027085174785,-0.1561120246208468,0.7640291117126278,-0.6214550402005846,1.498,15.0
1690300793,245761.74278361746,5182402.8247543145,89.71019489303347,-0.05490376978420449,-0.12587063141784824,0.7758495245690906,-0.6157919091997486,1.783,16.0
1690300794,245760.4869192663,5182403.688941137,90.96682267356007,0.026995643353241394,0.9834832484464977,-0.10276537735118053,-0.14653058548623393,1.783,15.0
1690300795,245759.21006700207,5182404.42446711,90.95021821286427,0.015812981410448512,0.9917075905398779,-0.07406447528840886,-0.10382898431919403,1.639,15.0
1690300796,245758.28217200725,5182405.067938078,89.69883605637976,-0.0733049381761797,-0.12034644494997498,0.7445060351330514,-0.6525748101768507,1.639,18.0
1690300797,245757.6113194773,5182405.814329619,90.9876586808132,0.0186088766013624,0.9905525897930266,-0.0977895333756629,-0.09432117327585274,1.384,17.0
1690300798,245756.6341408469,5182406.942159626,89.72662154720344,0.05528100923595754,0.13125377165405022,-0.6852903273936395,0.7142083901951579,1.384,17.0
1690300799,245755.79076067393,5182408.055386666,90.98127504842564,0.010336832121722928,0.9956358077281345,-0.06839107219740093,-0.06265101367833009,1.384,17.0
1690300800,245754.93119667406,5182409.321647825,91.01029224925828,0.01974347244949659,0.988986688983602,-0.10903903187793271,-0.09811225120244348,1.384,17.0
1690300801,245754.1396983801,5182410.543667445,90.99919736450943,0.012661656115670664,0.9944086093583102,-0.08141561559036599,-0.0660507201817055,1.384,17.0
1690300802,245753.3972135078,5182411.817919526,89.74569471051892,0.06024637687429741,0.12117164924024854,-0.6194065263372232,0.7733197014332256,1.384,18.0
1690300803,245752.66594726074,5182413.090390317,89.77950116854697,0.04896310885278026,0.10973939565463393,-0.620085258934432,0.7752768219578378,1.384,17.0
1690300804,245752.0261524955,5182414.424131828,91.00530636667887,0.013089459994698405,0.9929193799886141,-0.09412289353015418,-0.0712786910204224,1.384,17.0
1690300805,245751.35732442536,5182415.795481394,90.9967759087073,0.008513658061555464,0.9977793590672693,-0.05335232060497246,-0.038953794831627524,1.344,17.0
1690300806,245750.7688543143,5182416.9491197225,90.83516126483507,0.994493464498686,-0.011799174554779242,0.08393417270631438,0.0616326472036792,1.344,17.0
1690300807,245750.225321639,5182418.328423247,89.94223977784668,-0.10488724310397922,0.04916790700696234,-0.5742280147451021,0.8104587406133025,1.291,18.0
1690300808,245749.6805665578,5182419.479847594,89.77593712233389,0.07669305319040212,0.11176896525286169,-0.6561475221303009,0.7423586082217306,1.291,18.0
1690300809,245748.78797452588,5182420.640052812,89.77324002204811,0.05040604940822897,0.13141709005583246,-0.6702854992196439,0.7286330545344378,1.344,18.0
1690300810,245747.77112121068,5182421.817457064,91.01801115792027,0.017874270178740104,0.9928499365557633,-0.08140986193887961,-0.08545143840736097,1.344,18.0
1690300811,245746.5743901337,5182422.813775501,89.7458746429728,-0.07654026315189691,-0.13873001229968382,0.7879162818095519,-0.5950491615516981,1.344,18.0
1690300812,245745.39076062213,5182423.667124896,91.05349753067418,0.02401886244248358,0.9890820705748926,-0.09311374024309996,-0.1116672883712718,1.344,18.0
1690300813,245744.360301296,5182424.602796178,91.0954437271013,0.029347021993560655,0.9827559725808531,-0.1197987206892621,-0.13775963551776413,1.344,18.0
1690300814,245743.1297969471,5182425.526234574,89.79847107099954,-0.07186876799207483,-0.1573891279382608,0.7690555479895074,-0.6153187033568,1.344,17.0
1690300815,245741.8659762868,5182426.350786432,91.08899052125508,0.01885853258709825,0.9923377502733994,-0.07442937430150276,-0.09680089551278297,1.344,17.0
1690300816,245740.99522136137,5182427.0998745775,89.85003221296523,-0.06615569827683819,-0.12691076257427455,0.7145118505133741,-0.6848283707647295,1.344,17.0
1690300817,245739.99044257385,5182428.156108138,91.10801119304588,0.026598543078169338,0.9794099691809838,-0.13929381418221437,-0.14368668381445096,1.249,17.0
1690300818,245738.8502719309,5182429.232368946,91.10815667247833,0.016244553349545724,0.993554851629157,-0.07803991101063062,-0.08058935153040063,1.249,17.0
1690300819,245737.84584750308,5182430.261979555,89.84876693992778,0.05218837878559025,0.1227374663878525,-0.6950372612182383,0.706494934859885,1.431,17.0
1690300820,245736.92878325586,5182431.327134376,89.84836980130828,0.048276527589909,0.13061757097728757,-0.6900547310261889,0.7102343945657856,1.431,18.0
1690300821,245735.9768407219,5182432.462728675,89.83586426177462,0.05820158751401137,0.12668489268130556,-0.6869844399028595,0.7131731153854085,1.249,20.0
1690300822,245735.0136947078,5182433.5797752,91.06186802838444,0.01286780838968549,0.9937239527878927,-0.08087993225095773,-0.07619423680261475,1.249,20.0
1690300823,245734.10145833253,5182434.742487273,91.08703525095436,0.011666787457020765,0.9944973015254077,-0.07609567937302793,-0.071052451821681,1.249,20.0
1690300824,245733.19689716547,5182435.906383347,89.8564593540897,0.06002965315183118,0.11457147559853287,-0.6745491524858507,0.7268103319314235,1.249,19.0
1690300825,245732.34074588268,5182437.069399596,89.86986644125584,0.05723185571238041,0.11809639691255916,-0.6590031737106689,0.7406028441528257,1.249,18.0
1690300826,245731.5116284414,5182438.292310004,91.14377726486609,0.01678309229140018,0.990679658880925,-0.10139057254597375,-0.08939850721075993,1.249,19.0
1690300827,245730.65315950915,5182439.5202824995,91.16355368717109,0.015448916555209526,0.9932841960621314,-0.08568524697403614,-0.07619629440775953,1.257,20.0
1690300828,245729.823007235,5182440.767165757,89.89442409528519,0.06901029915301789,0.14315854030045919,-0.6373501227344187,0.7540079787378078,1.257,21.0
1690300829,245728.93000882582,5182441.843348078,89.91823161768909,0.06986770257859543,0.12736863271658466,-0.6849737052202034,0.7139375033525012,1.225,21.0
1690300830,245727.93292770977,5182442.9381683,89.94529264763064,0.05683015667794421,0.12174199817323973,-0.700540890851128,0.7008506826837333,1.225,21.0
1690300831,245726.9350412245,5182444.054654362,91.20484016888061,0.017700886958564258,0.9914216969870933,-0.09086180346722315,-0.09227041787483206,1.225,21.0
1690300832,245725.85734320586,5182445.126473183,89.95057591725708,-0.044975281155669504,-0.13801751605546433,0.7020831805480521,-0.6971424509656398,1.225,20.0
1690300833,245724.8250333422,5182446.215186629,89.94130680261856,-0.05204985274425382,-0.13074193721965632,0.7083910753070152,-0.6916497980240605,1.203,20.0
1690300834,245723.807461551,5182447.354370376,89.90450030044603,-0.060304342686390074,-0.15242889061754947,0.701815442629029,-0.6932415913991928,1.203,21.0
1690300835,245722.78969159286,5182448.409302266,91.16360111403351,0.017187023329565957,0.9928137999439376,-0.08212153070530469,-0.08533123147222214,1.173,20.0
1690300836,245721.7627970115,5182449.432856476,91.20123981310704,0.021413416404097052,0.9903430144308288,-0.09503871031691796,-0.0986398646960797,1.173,21.0
1690300837,245720.75430406496,5182450.506181023,89.9198376183869,-0.06727709471046854,-0.1423724572866797,0.7096551504088824,-0.6867266147686556,1.203,19.0
1690300838,245719.72722545295,5182451.5926362015,89.92738848556822,-0.07286451747175261,-0.1492185715089198,0.7024649356360174,-0.6920748472617191,1.203,21.0
1690300839,245718.67003976606,5182452.652606651,91.19342430326454,0.015317029543277244,0.9943940308426698,-0.07354394701968965,-0.07441228317423938,1.225,20.0
1690300840,245717.66481809263,5182453.764395517,89.92421681574208,-0.055340705761261204,-0.156566535443933,0.7031939132505228,-0.6913339617235257,1.225,20.0
1690300841,245716.6619234105,5182454.864278764,91.18524917366686,0.018526594623541115,0.9926888238495695,-0.08370461268369714,-0.08496588792736566,1.276,20.0
1690300842,245715.67813672355,5182455.9574837135,89.9031924415564,0.06329693969513002,0.1570478989679093,-0.6951082799730912,0.6986801370926806,1.276,19.0
1690300843,245714.7172822081,5182457.084066202,91.18972115101079,0.025257473017312904,0.986766189306582,-0.11451069707380979,-0.11199039223887426,1.276,19.0
1690300844,245713.66427511215,5182458.174409472,91.16334842017163,0.015333503083976631,0.9943328437932611,-0.07474478049168809,-0.07402902961966638,1.276,20.0
1690300845,245712.72192376052,5182459.322722014,89.86007133081294,0.06212822240514633,0.15774826199992897,-0.68304647625482,0.7104245780465738,1.236,19.0
1690300846,245711.7295828569,5182460.475524389,91.11869137258678,0.013452927439524143,0.9965197383566512,-0.05915160812468154,-0.05717094598799766,1.236,19.0
1690300847,245710.86126667375,5182461.614135946,91.12827400090679,0.023049516041963976,0.9901294007847067,-0.10260205874045633,-0.09265693203516265,1.276,18.0
1690300848,245709.87317396223,5182462.724659822,89.83043051850656,0.05062583350293175,0.1351169423581177,-0.6850438619856621,0.714069565256562,1.276,17.0
1690300849,245708.97927889388,5182463.911160364,89.80806259452794,0.058285905980285505,0.15528978791630332,-0.6716908462916331,0.7220244053638329,1.316,17.0
1690300850,245708.06708024535,5182465.045037399,91.06602086543859,0.014341588584472376,0.9936192781762915,-0.08192601288649404,-0.07617858810598653,1.316,18.0
1690300851,245707.16903368296,5182466.255860943,89.7881649560047,0.06273302109585414,0.14545624215080566,-0.6736408145252241,0.7218830256276608,1.276,20.0
1690300852,245706.3170174107,5182467.481233163,91.05356671153527,0.015994899938992727,0.9937208747972307,-0.0825308222771875,-0.07383528656692229,1.276,19.0
1690300853,245705.450441761,5182468.648452092,89.78362601873512,0.030265479068148478,0.14053883956530452,-0.6442982950666281,0.751140827225261,1.316,17.0
1690300854,245704.53862241376,5182469.87976514,90.99652861504379,0.013278752514867043,0.9958521069832764,-0.0675225682178765,-0.05952275640358125,1.316,18.0
1690300855,245703.64478696344,5182471.104679896,90.9766111690995,0.009188020748374883,0.9979420821618727,-0.04783867675714945,-0.041697025448807316,1.276,17.0
1690300856,245702.7793979723,5182472.3390329685,90.9134081927754,0.010649863667149597,0.9971396495444499,-0.05723325807919217,-0.048202218619928176,1.276,18.0
1690300857,245701.9485578412,5182473.490008006,89.67204378338919,0.005698533499079249,0.11136592906296947,-0.6486786121867417,0.7528487329147763,1.313,19.0
1690300858,245701.19849211787,5182474.801388113,90.88104588944942,0.016350532974266363,0.9927213595142981,-0.09033442497547024,-0.07795289667416097,1.313,19.0
1690300859,245700.4305311637,5182475.993575513,89.61761757216763,0.07837528932960833,0.14181145222766228,-0.658475624926867,0.734953520582597,1.203,20.0
1690300860,245699.4553617844,5182477.189128847,90.93859108155722,0.03042542850451585,0.9865817288516673,-0.11182219371149718,-0.11500688061990277,1.203,19.0
1690300861,245698.4153373014,5182478.138192145,90.97318756827903,0.030180547486704797,0.9828950915295896,-0.12295773333365742,-0.13374516594588237,1.236,19.0
1690300862,245697.16358161956,5182479.073792798,89.68300338484643,-0.06818927837246594,-0.16339849227797698,0.7522208802935066,-0.6346770062691637,1.236,19.0
1690300863,245695.90798648776,5182479.89422816,89.69023554359347,-0.07493967853493125,-0.1528655454905594,0.7874234506638785,-0.5924360547160726,1.381,18.0
1690300864,245694.57719952625,5182480.676968778,90.95407850337291,0.02058112572800064,0.9925208941501852,-0.06944370480720158,-0.09826629026138872,1.381,17.0
1690300865,245693.2228248621,5182481.31000367,89.71337142025688,-0.05911813897418495,-0.14398545386529593,0.8213655634265633,-0.5487548140439387,1.248,18.0
1690300866,245691.89941646333,5182481.905390365,90.96771159407785,0.02184322059750593,0.9893381340927572,-0.08027249691182864,-0.11953767767248451,1.248,18.0
1690300867,245690.51577423737,5182482.542243325,89.71544916304227,-0.0659429021606776,-0.15846542213206874,0.8267251661569592,-0.5357851652349854,1.316,18.0
1690300868,245689.12116501058,5182483.112469043,90.9713236981551,0.020084961879307084,0.9911573186724341,-0.07041985894307017,-0.11065625791077553,1.316,20.0
1690300869,245687.7576203771,5182483.658338832,89.72991662239639,-0.06502865974490205,-0.1385244808004532,0.8411771235059028,-0.5186552694430875,1.235,20.0
1690300870,245686.35088621645,5182484.194920079,89.71707912805533,-0.0686798982812161,-0.1512399019943936,0.8418471444010367,-0.5135201545028473,1.235,20.0
1690300871,245684.94162472137,5182484.744627015,89.72938477195535,-0.06257528646173423,-0.1576278925201085,0.8454700623616662,-0.5063774823923959,1.235,20.0
1690300872,245683.573975533,5182485.19331163,89.7186591705649,-0.06901010335403089,-0.15031541710491703,0.8447367372968282,-0.5089820484818205,1.235,20.0
1690300873,245682.11638181095,5182485.667015253,89.69717490540778,-0.06902619602652979,-0.15147680861002774,0.8457063770866429,-0.5070215818586159,1.235,20.0
1690300874,245680.73778811522,5182486.138414292,90.9311272170722,0.02010854919873123,0.99097309096284,-0.06859750019101393,-0.11341235472478749,1.235,20.0
1690300875,245679.25884863661,5182486.640324887,90.90535788946164,0.014563013758908446,0.9951382330531691,-0.0494496200951043,-0.08391990716465599,1.235,20.0
1690300876,245678.04744183717,5182487.067209851,89.66947815381862,-0.07883082632505933,-0.14845331063219236,0.8115749788354862,-0.5595474681485301,1.235,20.0
1690300877,245676.90324134324,5182487.768018355,89.71006882115233,-0.07796250942351536,-0.1517202564347002,0.7569237680495323,-0.6308480167785859,1.223,20.0
1690300878,245675.8258399972,5182488.7119772015,89.71746576421639,-0.06116424640377075,-0.15018553809123147,0.6989043509491599,-0.6965887935751188,1.223,20.0
1690300879,245674.86049231503,5182489.962710053,90.96758358391868,0.012143611285309941,0.9975505091448145,-0.05093364981220082,-0.04638186851217731,1.222,20.0
1690300880,245674.13913340308,5182491.0744247185,90.9451494367707,0.019224897197153756,0.9901058208276758,-0.10656873856450613,-0.08924108275723175,1.222,20.0
1690300881,245673.38283083448,5182492.3284604335,90.93855606312837,0.020820629049559895,0.9883045113208694,-0.11839096621057808,-0.0938310898824263,1.198,21.0
1690300882,245672.67008538818,5182493.569570279,90.97999376755736,0.01804861354179649,0.9917791783727667,-0.09954289929772384,-0.07835508978274484,1.198,20.0
1690300883,245671.81479146238,5182494.826536138,89.74527477382773,0.047133327588611655,0.12994348938728936,-0.6477484548551034,0.7492096357022553,1.222,19.0
1690300884,245670.9093768153,5182496.038802939,90.994168141567,0.014809853352700632,0.9946985685969836,-0.0741760649880652,-0.06966589737934836,1.222,18.0
1690300885,245669.90893258582,5182497.139344731,91.00735897844095,0.01673981666519686,0.9928068681155472,-0.08327599925021881,-0.08437659100420976,1.222,19.0
1690300886,245668.78835195836,5182498.214000095,89.74229364883013,-0.04995243870955585,-0.1475187522027624,0.7330032709047819,-0.6621549489797678,1.222,19.0
1690300887,245667.6301961471,5182499.20935389,89.71569871715823,-0.07447256211530996,-0.15962176457211713,0.7588223772635991,-0.6270273754238206,1.284,19.0
1690300888,245666.33350713967,5182500.0546515025,89.72399413039334,-0.07063294835331002,-0.1624452851923633,0.7863831558457872,-0.5917973032447096,1.284,19.0
1690300889,245664.97641480583,5182500.771606257,89.74907531872765,-0.06112883358002709,-0.1651376964058682,0.8126025630329007,-0.5555806705450337,1.284,19.0
1690300890,245663.59406406348,5182501.452781781,91.00247018199728,0.021990076695518498,0.9915479855234297,-0.06981074501450485,-0.10712370798228256,1.284,18.0
1690300891,245662.76146041806,5182501.905445239,89.73632855545104,-0.08586485155779366,-0.17146683686070027,0.902897338144963,-0.3847112526229048,1.284,18.0
1690300892,245661.17914360084,5182501.970004461,89.74870557188844,-0.05556376979487342,-0.18546583761863233,0.9251261882775713,-0.32658326093909507,1.284,19.0
1690300893,245659.6801487769,5182501.863289457,90.88308081324367,0.016611640785755336,0.9947373843218842,-0.028950424261232236,-0.09686827425920076,1.284,19.0
1690300894,245658.90264976962,5182502.048127896,89.8008401420232,-0.026792661061394888,-0.14081203953901256,0.9896582611004319,0.005536160201985295,1.284,21.0
1690300895,245658.88711210524,5182502.031799698,89.79307176644066,-0.03560824939745485,-0.16090875093109908,0.9862679147452871,-0.010771573358864478,1.197,20.0
1690300896,245658.88777616265,5182502.013378214,89.79180959260826,-0.03715094087261511,-0.14531826157074762,0.9886476528280843,-0.00884471615456781,1.197,21.0
1690300897,245658.8863055468,5182502.027023421,89.7919094124926,-0.03569259523782389,-0.15167861175008,0.987759202666036,-0.007169025827410193,1.197,21.0
1690300898,245658.8838857796,5182502.021498577,89.78541240209853,-0.036270376863712234,-0.15114682539748492,0.9878168116413245,-0.007552719589281887,1.197,21.0
1690300899,245658.88604570163,5182502.029017537,90.81799122400594,0.0017787125061907024,-0.00042008642048962935,0.9999330213599966,-0.011428582724394573,1.197,21.0
1690300900,245658.88353136633,5182502.029002458,89.7965839883412,-0.03432069893142811,-0.1512189595362401,0.9878977155377477,-0.003608259543680046,1.197,21.0
1690300901,245658.88584923057,5182502.028045541,89.78765423638382,-0.037004880575544644,-0.15238174484613412,0.9876143858428775,-0.0053167214929031965,1.197,21.0
1690300902,245658.881241889,5182502.030099349,89.79234635125722,-0.03521593305414519,-0.15184913072708545,0.9877579470203443,-0.005993133963898585,1.197,21.0
1690300903,245658.88207866417,5182502.026925079,90.81540034317578,0.0012686369549449394,-0.0002868352544697084,0.9999635875829148,-0.008433966689504552,1.197,21.0
1690300904,245658.8825557351,5182502.032342064,89.79411731827163,-0.03576729426209358,-0.15395404223878714,0.9874174523704655,-0.005062439503426079,1.197,21.0
1690300905,245658.88255608652,5182502.026142336,90.81857394339909,0.0015001392556406867,-0.00035185322251216067,0.9999487939083731,-0.010001766979563816,1.197,21.0
1690300906,245658.8804765048,5182502.026169823,89.78975880233303,-0.034817306648342435,-0.15063270755455216,0.987956582127963,-0.006271714484379138,1.197,21.0
1690300907,245658.88122916492,5182502.031957653,90.80996138865838,0.001329932881332617,-0.0002999143064034704,0.9999620593218099,-0.00860356012504627,1.197,22.0
1690300908,245658.88000606874,5182502.029071424,89.79321999968093,-0.031571704389104505,-0.149695883209065,0.9882215114592089,-0.003551664609953397,1.197,22.0
1690300909,245658.88360947624,5182502.029425475,90.81954573824066,0.0014485600134351224,-0.00032497820357413326,0.9999530570357531,-0.009574956287447577,1.165,22.0
1690300910,245658.87903319136,5182502.031632795,89.80144991816951,-0.030003308811597754,-0.15275151840305304,0.9877845923557801,-0.006955155673520601,1.165,23.0
1690300911,245658.87776259577,5182502.028382085,90.81720151309378,0.0024204790689465396,-0.0005053656911084282,0.9998705940084806,-0.015895946770271268,1.165,22.0
1690300912,245658.88104229193,5182502.026569023,89.79819071399534,-0.03256732172681792,-0.1498577801075429,0.9881445087063618,-0.007241906533780863,1.165,22.0
1690300913,245658.88593029557,5182502.018822732,89.79411344013319,-0.03726370692430046,-0.14411715894547436,0.9888215064490484,-0.00858423133305249,1.134,22.0
-9223372037,245652.39,5182500.76173951,90.68011338249636,0.0,0.8512541359367822,0.4786254906328096,-0.21513724867401407,,
